product_num,brand,product_img
SSPS_STB063,sangsangpowerstation,SSPS_STB063.JPG
SSPS_STB033,sangsangpowerstation,SSPS_STB033.JPG
SSPS_STB048,sangsangpowerstation,SSPS_STB048.JPG
SSPS_STB064,sangsangpowerstation,SSPS_STB064.JPG
SSPS_STB082,sangsangpowerstation,SSPS_STB082.JPG
SSPS_STB057,sangsangpowerstation,SSPS_STB057.JPG
SSPS_STB080,sangsangpowerstation,SSPS_STB080.JPG
SSPS_STB007,sangsangpowerstation,SSPS_STB007.JPG
SSPS_STB004,sangsangpowerstation,SSPS_STB004.JPG
SSPS_STB002,sangsangpowerstation,SSPS_STB002.JPG
SSPS_STB121,sangsangpowerstation,SSPS_STB121.JPG
SSPS_STB109,sangsangpowerstation,SSPS_STB109.JPG
SSPS_STB120,sangsangpowerstation,SSPS_STB120.JPG
SSPS_STB119,sangsangpowerstation,SSPS_STB119.JPG
SSPS_STB144,sangsangpowerstation,SSPS_STB144.JPG
SSPS_STB061,sangsangpowerstation,SSPS_STB061.JPG
SSPS_STB025,sangsangpowerstation,SSPS_STB025.JPG
SSPS_STB158,sangsangpowerstation,SSPS_STB158.JPG
SSPS_STB143,sangsangpowerstation,SSPS_STB143.JPG
SSPS_STB026,sangsangpowerstation,SSPS_STB026.JPG
SSPS_STB079,sangsangpowerstation,SSPS_STB079.JPG
SSPS_STB147,sangsangpowerstation,SSPS_STB147.JPG
SSPS_STB152,sangsangpowerstation,SSPS_STB152.JPG
SSPS_STB148,sangsangpowerstation,SSPS_STB148.JPG
SSPS_STB124,sangsangpowerstation,SSPS_STB124.JPG
SSPS_STB149,sangsangpowerstation,SSPS_STB149.JPG
SSPS_STB136,sangsangpowerstation,SSPS_STB136.JPG
SSPS_STB150,sangsangpowerstation,SSPS_STB150.JPG
SSPS_STB138,sangsangpowerstation,SSPS_STB138.JPG
SSPS_STB123,sangsangpowerstation,SSPS_STB123.JPG
SSPS_STB141,sangsangpowerstation,SSPS_STB141.JPG
SSPS_STB056,sangsangpowerstation,SSPS_STB056.JPG
SSPS_STB077,sangsangpowerstation,SSPS_STB077.JPG
SSPS_STB010,sangsangpowerstation,SSPS_STB010.JPG
SSPS_STB028,sangsangpowerstation,SSPS_STB028.JPG
SSPS_STB039,sangsangpowerstation,SSPS_STB039.JPG
SSPS_STB001,sangsangpowerstation,SSPS_STB001.JPG
SSPS_STB049,sangsangpowerstation,SSPS_STB049.JPG
SSPS_STB086,sangsangpowerstation,SSPS_STB086.JPG
SSPS_STB066,sangsangpowerstation,SSPS_STB066.JPG
SSPS_STB021,sangsangpowerstation,SSPS_STB021.JPG
SSPS_STB068,sangsangpowerstation,SSPS_STB068.JPG
SSPS_STB016,sangsangpowerstation,SSPS_STB016.JPG
SSPS_STB029,sangsangpowerstation,SSPS_STB029.JPG
SSPS_STB032,sangsangpowerstation,SSPS_STB032.JPG
SSPS_STB035,sangsangpowerstation,SSPS_STB035.JPG
SSPS_STB054,sangsangpowerstation,SSPS_STB054.JPG
SSPS_STB017,sangsangpowerstation,SSPS_STB017.JPG
SSPS_STB072,sangsangpowerstation,SSPS_STB072.JPG
SSPS_STB058,sangsangpowerstation,SSPS_STB058.JPG
SSPS_STB015,sangsangpowerstation,SSPS_STB015.JPG
SSPS_STB013,sangsangpowerstation,SSPS_STB013.JPG
SSPS_STB104,sangsangpowerstation,SSPS_STB104.JPG
SSPS_STB052,sangsangpowerstation,SSPS_STB052.JPG
SSPS_STB023,sangsangpowerstation,SSPS_STB023.JPG
SSPS_STB067,sangsangpowerstation,SSPS_STB067.JPG
SSPS_STB019,sangsangpowerstation,SSPS_STB019.JPG
SSPS_STB038,sangsangpowerstation,SSPS_STB038.JPG
SSPS_STB060,sangsangpowerstation,SSPS_STB060.JPG
SSPS_STB031,sangsangpowerstation,SSPS_STB031.JPG
SSPS_STB051,sangsangpowerstation,SSPS_STB051.JPG
SSPS_STB065,sangsangpowerstation,SSPS_STB065.JPG
SSPS_STB042,sangsangpowerstation,SSPS_STB042.JPG
SSPS_STB018,sangsangpowerstation,SSPS_STB018.JPG
SSPS_STB022,sangsangpowerstation,SSPS_STB022.JPG
SSPS_STB024,sangsangpowerstation,SSPS_STB024.JPG
SSPS_STB014,sangsangpowerstation,SSPS_STB014.JPG
SSPS_STB036,sangsangpowerstation,SSPS_STB036.JPG
SSPS_STB107,sangsangpowerstation,SSPS_STB107.JPG
SSPS_STB074,sangsangpowerstation,SSPS_STB074.JPG
SSPS_STB045,sangsangpowerstation,SSPS_STB045.JPG
SSPS_STB003,sangsangpowerstation,SSPS_STB003.JPG
SSPS_STB027,sangsangpowerstation,SSPS_STB027.JPG
SSPS_STB111,sangsangpowerstation,SSPS_STB111.JPG
SSPS_STB084,sangsangpowerstation,SSPS_STB084.JPG
SSPS_STB110,sangsangpowerstation,SSPS_STB110.JPG
SSPS_STB005,sangsangpowerstation,SSPS_STB005.JPG
SSPS_STB112,sangsangpowerstation,SSPS_STB112.JPG
SSPS_STB076,sangsangpowerstation,SSPS_STB076.JPG
SSPS_STB047,sangsangpowerstation,SSPS_STB047.JPG
SSPS_STB041,sangsangpowerstation,SSPS_STB041.JPG
SSPS_STB062,sangsangpowerstation,SSPS_STB062.JPG
SSPS_STB053,sangsangpowerstation,SSPS_STB053.JPG
SSPS_STB037,sangsangpowerstation,SSPS_STB037.JPG
SSPS_STB012,sangsangpowerstation,SSPS_STB012.JPG
SSPS_STB011,sangsangpowerstation,SSPS_STB011.JPG
SSPS_STB070,sangsangpowerstation,SSPS_STB070.JPG
SSPS_STB020,sangsangpowerstation,SSPS_STB020.JPG
SSPS_STB081,sangsangpowerstation,SSPS_STB081.JPG
SSPS_STB071,sangsangpowerstation,SSPS_STB071.JPG
SSPS_STB105,sangsangpowerstation,SSPS_STB105.JPG
SSPS_STB087,sangsangpowerstation,SSPS_STB087.JPG
SSPS_STB055,sangsangpowerstation,SSPS_STB055.JPG
SSPS_STB009,sangsangpowerstation,SSPS_STB009.JPG
SSPS_STB073,sangsangpowerstation,SSPS_STB073.JPG
SSPS_STB088,sangsangpowerstation,SSPS_STB088.JPG
SSPS_STB075,sangsangpowerstation,SSPS_STB075.JPG
SSPS_STB085,sangsangpowerstation,SSPS_STB085.JPG
SSPS_STB106,sangsangpowerstation,SSPS_STB106.JPG
SSPS_STB043,sangsangpowerstation,SSPS_STB043.JPG
SSPS_STB008,sangsangpowerstation,SSPS_STB008.JPG
SSPS_STB078,sangsangpowerstation,SSPS_STB078.JPG
SSPS_STB059,sangsangpowerstation,SSPS_STB059.JPG
SSPS_STB083,sangsangpowerstation,SSPS_STB083.JPG
SSPS_STB103,sangsangpowerstation,SSPS_STB103.JPG
SSPS_STB155,sangsangpowerstation,SSPS_STB155.JPG
SSPS_STB122,sangsangpowerstation,SSPS_STB122.JPG
SSPS_STB146,sangsangpowerstation,SSPS_STB146.JPG
SSPS_STB145,sangsangpowerstation,SSPS_STB145.JPG
SSPS_STB140,sangsangpowerstation,SSPS_STB140.JPG
SSPS_STB142,sangsangpowerstation,SSPS_STB142.JPG
SSPS_STB154,sangsangpowerstation,SSPS_STB154.JPG
SSPS_STB156,sangsangpowerstation,SSPS_STB156.JPG
SSPS_STB069,sangsangpowerstation,SSPS_STB069.JPG
DB-014,driftout,DB-014.JPG
DB-004,driftout,DB-004.JPG
DB-000,driftout,DB-000.JPG
DB-053,driftout,DB-053.JPG
DB-025,driftout,DB-025.JPG
DB-012,driftout,DB-012.JPG
DB-054,driftout,DB-054.JPG
DB-077,driftout,DB-077.JPG
OS-004,driftout,OS-004.JPG
OS-005,driftout,OS-005.JPG
DB-059,driftout,DB-059.JPG
DB-015,driftout,DB-015.JPG
DB-073,driftout,DB-073.JPG
DB-006,driftout,DB-006.JPG
DB-018,driftout,DB-018.JPG
DB-009,driftout,DB-009.JPG
DB-055,driftout,DB-055.JPG
DB-050,driftout,DB-050.JPG
2001071205,driftout,2001071205.JPG
DB-070,driftout,DB-070.JPG
DB-016,driftout,DB-016.JPG
DB-064,driftout,DB-064.JPG
DB-005,driftout,DB-005.JPG
DB-057,driftout,DB-057.JPG
DB-067,driftout,DB-067.JPG
DB-061,driftout,DB-061.JPG
DB-008,driftout,DB-008.JPG
DB-011,driftout,DB-011.JPG
2001071207,driftout,2001071207.JPG
DB-026,driftout,DB-026.JPG
DB-019,driftout,DB-019.JPG
DB-013,driftout,DB-013.JPG
DB-024,driftout,DB-024.JPG
DB-017,driftout,DB-017.JPG
DB-027,driftout,DB-027.JPG
DB-002,driftout,DB-002.JPG
DB-023,driftout,DB-023.JPG
2001071202,driftout,2001071202.JPG
2001071208,driftout,2001071208.JPG
OS-011,driftout,OS-011.JPG
DB-049,driftout,DB-049.JPG
DB-041,driftout,DB-041.JPG
DB-022,driftout,DB-022.JPG
DB-047,driftout,DB-047.JPG
OS-001,driftout,OS-001.JPG
OS-014,driftout,OS-014.JPG
2001071203,driftout,2001071203.JPG
OS-018,driftout,OS-018.JPG
DB-071,driftout,DB-071.JPG
DB-045,driftout,DB-045.JPG
OS-003,driftout,OS-003.JPG
OS-010,driftout,OS-010.JPG
OS-016,driftout,OS-016.JPG
DB-078,driftout,DB-078.JPG
DB-076,driftout,DB-076.JPG
DB-075,driftout,DB-075.JPG
2001071201,driftout,2001071201.JPG
2010072402,driftout,2010072402.JPG
2001071204,driftout,2001071204.JPG
2001071206,driftout,2001071206.JPG
DB-069,driftout,DB-069.JPG
OS-012,driftout,OS-012.JPG
DB-074,driftout,DB-074.JPG
DB-066,driftout,DB-066.JPG
OS-015,driftout,OS-015.JPG
DB-063,driftout,DB-063.JPG
OS-013,driftout,OS-013.JPG
MMATE706-WH,musinsastandard,MMATE706-WH.JPG
MMJTE114-WH,musinsastandard,MMJTE114-WH.JPG
MMJTT003-BK,musinsastandard,MMJTT003-BK.JPG
MMBTS312-WH,musinsastandard,MMBTS312-WH.JPG
MMBTS312-BK,musinsastandard,MMBTS312-BK.JPG
MMATE309-WH,musinsastandard,MMATE309-WH.JPG
MMATE706-BK,musinsastandard,MMATE706-BK.JPG
MWBTE301,musinsastandard,MWBTE301.JPG
MMJTT003-WH,musinsastandard,MMJTT003-WH.JPG
MMBTE317-WH,musinsastandard,MMBTE317-WH.JPG
MMJTE114-BK,musinsastandard,MMJTE114-BK.JPG
MMBTS312-DG,musinsastandard,MMBTS312-DG.JPG
MMBTE317-BK,musinsastandard,MMBTE317-BK.JPG
MMBTS312-GT,musinsastandard,MMBTS312-GT.JPG
MMBTS312-NA,musinsastandard,MMBTS312-NA.JPG
MMBTS312-AY,musinsastandard,MMBTS312-AY.JPG
MMJTE114-CR,musinsastandard,MMJTE114-CR.JPG
MMATE706-CR,musinsastandard,MMATE706-CR.JPG
MMJTT003-DG,musinsastandard,MMJTT003-DG.JPG
MMATE309-DG,musinsastandard,MMATE309-DG.JPG
MMATE706-MR,musinsastandard,MMATE706-MR.JPG
MMJTE114-OT,musinsastandard,MMJTE114-OT.JPG
MMJTE114-MR,musinsastandard,MMJTE114-MR.JPG
MMATE309-NA,musinsastandard,MMATE309-NA.JPG
MMJTE114-DG,musinsastandard,MMJTE114-DG.JPG
MMATE706-MM,musinsastandard,MMATE706-MM.JPG
MMATT005-BK,musinsastandard,MMATT005-BK.JPG
MMATE706-DG,musinsastandard,MMATE706-DG.JPG
MMATE309-GR,musinsastandard,MMATE309-GR.JPG
MMJTE114-GR,musinsastandard,MMJTE114-GR.JPG
MMATT005-WH,musinsastandard,MMATT005-WH.JPG
MMATE706-LG,musinsastandard,MMATE706-LG.JPG
MMJTE114-UI,musinsastandard,MMJTE114-UI.JPG
MMJTE114-MM,musinsastandard,MMJTE114-MM.JPG
MMJTE114-LG,musinsastandard,MMJTE114-LG.JPG
MMJTE114-ME,musinsastandard,MMJTE114-ME.JPG
MMATT005-DG,musinsastandard,MMATT005-DG.JPG
MMJTE114-UK,musinsastandard,MMJTE114-UK.JPG
MMJTE114-OA,musinsastandard,MMJTE114-OA.JPG
115916,theabon,115916.JPG
115915,theabon,115915.JPG
591749,theabon,591749.JPG
467282,theabon,467282.JPG
119744,theabon,119744.JPG
119745,theabon,119745.JPG
467283,theabon,467283.JPG
591750,theabon,591750.JPG
591752,theabon,591752.JPG
467284,theabon,467284.JPG
591753,theabon,591753.JPG
P00000KZ,reinamora,P00000KZ.JPG
P00000KU,reinamora,P00000KU.JPG
P00000KS,reinamora,P00000KS.JPG
P00000KL,reinamora,P00000KL.JPG
P00000JY,reinamora,P00000JY.JPG
P00000LC,reinamora,P00000LC.JPG
P00000KT,reinamora,P00000KT.JPG
P00000KY,reinamora,P00000KY.JPG
P00000JZ,reinamora,P00000JZ.JPG
P00000LD,reinamora,P00000LD.JPG
P00000JU,reinamora,P00000JU.JPG
P00000KM,reinamora,P00000KM.JPG
P00000KA,reinamora,P00000KA.JPG
P00000LE,reinamora,P00000LE.JPG
P00000JV,reinamora,P00000JV.JPG
P00000KV,reinamora,P00000KV.JPG
P00000LA,reinamora,P00000LA.JPG
P00000KN,reinamora,P00000KN.JPG
P00000LF,reinamora,P00000LF.JPG
P00000JW,reinamora,P00000JW.JPG
P00000KW,reinamora,P00000KW.JPG
P00000JX,reinamora,P00000JX.JPG
P00000LG,reinamora,P00000LG.JPG
P00000KX,reinamora,P00000KX.JPG
DEVI-TS0029-02,deviwear,DEVI-TS0029-02.JPG
DEVI-TS0026-02,deviwear,DEVI-TS0026-02.JPG
DEVI-TS0010-4,deviwear,DEVI-TS0010-4.JPG
5S-020,fivedeck,5S-020.JPG
5S-009,fivedeck,5S-009.JPG
5S-015,fivedeck,5S-015.JPG
5S-004,fivedeck,5S-004.JPG
5S-019,fivedeck,5S-019.JPG
5S-021,fivedeck,5S-021.JPG
5S-024,fivedeck,5S-024.JPG
5S-003,fivedeck,5S-003.JPG
5S-016,fivedeck,5S-016.JPG
5S-025,fivedeck,5S-025.JPG
5S-023,fivedeck,5S-023.JPG
5S-017,fivedeck,5S-017.JPG
5S-014,fivedeck,5S-014.JPG
5S-026,fivedeck,5S-026.JPG
5S-013,fivedeck,5S-013.JPG
5S-006,fivedeck,5S-006.JPG
5S-002,fivedeck,5S-002.JPG
5S-007,fivedeck,5S-007.JPG
21SM_58,5252byoioi,21SM_58.PNG
21SM_65,5252byoioi,21SM_65.PNG
20SM_49,5252byoioi,20SM_49.JPG
21SM_61,5252byoioi,21SM_61.PNG
21SM_64,5252byoioi,21SM_64.PNG
20SM_47,5252byoioi,20SM_47.JPG
21SM_62,5252byoioi,21SM_62.PNG
21SM_63,5252byoioi,21SM_63.PNG
21SM_59,5252byoioi,21SM_59.PNG
DOPE0262,dope,DOPE0262.JPG
DOPEDOP-2016-07-06-SUMMER-2TH-06,dope,DOPEDOP-2016-07-06-SUMMER-2TH-06.JPG
DOPE0232,dope,DOPE0232.JPG
DOPE0316,dope,DOPE0316.JPG
DOPE0659,dope,DOPE0659.JPG
DOPE0319,dope,DOPE0319.JPG
DOPE0254,dope,DOPE0254.JPG
DOPE0660,dope,DOPE0660.JPG
DOPE0192,dope,DOPE0192.JPG
DOPE0568,dope,DOPE0568.JPG
DOPE0320,dope,DOPE0320.JPG
DOPE0661,dope,DOPE0661.JPG
DOPE0583,dope,DOPE0583.JPG
DOPE0235,dope,DOPE0235.JPG
DOPE0669,dope,DOPE0669.JPG
DOPE0238,dope,DOPE0238.JPG
DOPE0138,dope,DOPE0138.JPG
DOPE0305,dope,DOPE0305.JPG
DOPE0198,dope,DOPE0198.JPG
DOPE0312,dope,DOPE0312.JPG
DOPE0135,dope,DOPE0135.JPG
DOPE0668,dope,DOPE0668.JPG
DOPE0313,dope,DOPE0313.JPG
DOPE0237,dope,DOPE0237.JPG
DOPE0137,dope,DOPE0137.JPG
BC19SSSL01,babycentaur,BC19SSSL01.JPG
BC18SSSL03,babycentaur,BC18SSSL03.JPG
BC21SSKN02BL,babycentaur,BC21SSKN02BL.JPG
BC21SSKN09IV,babycentaur,BC21SSKN09IV.JPG
DGRSI05,saysky,DGRSI05.JPG
BMRSI03,saysky,BMRSI03.JPG
BMRSI06,saysky,BMRSI06.JPG
BGRSI06,saysky,BGRSI06.JPG
BMRSI09B,saysky,BMRSI09B.PNG
BGRSI10,saysky,BGRSI10.JPG
BGRSI03,saysky,BGRSI03.JPG
BGRSI09,saysky,BGRSI09.JPG
AMRSI6,saysky,AMRSI6.JPG
DMRSI09,saysky,DMRSI09.JPG
T216TP102,topgirl,T216TP102.JPG
T216BS300,topgirl,T216BS300.JPG
T216BS305,topgirl,T216BS305.JPG
T216TP114,topgirl,T216TP114.JPG
T216BS301,topgirl,T216BS301.JPG
T216TP113,topgirl,T216TP113.JPG
T216TP124,topgirl,T216TP124.JPG
HM1363,gainsboro,HM1363.JPG
HM1364,gainsboro,HM1364.JPG
GB20055,gainsboro,GB20055.JPG
GB20054,gainsboro,GB20054.JPG
SF-140-02,gainsboro,SF-140-02.JPG
SF-140-01,gainsboro,SF-140-01.JPG
GB20111,gainsboro,GB20111.JPG
SL-OD127-01,gainsboro,SL-OD127-01.JPG
SF-139-02,gainsboro,SF-139-02.JPG
SF-139-01,gainsboro,SF-139-01.JPG
SL-SM124-02,gainsboro,SL-SM124-02.JPG
GB20058,gainsboro,GB20058.JPG
SL-SF129-01,gainsboro,SL-SF129-01.JPG
SL-OD127-02,gainsboro,SL-OD127-02.JPG
SL-SM124-01,gainsboro,SL-SM124-01.JPG
GB20105,gainsboro,GB20105.JPG
GB20108,gainsboro,GB20108.JPG
GB20062,gainsboro,GB20062.JPG
GB20107,gainsboro,GB20107.JPG
GB20106,gainsboro,GB20106.JPG
GB20060,gainsboro,GB20060.JPG
GB20109,gainsboro,GB20109.JPG
TRIP20SLWHT023,tripshion,TRIP20SLWHT023.JPG
TRIP21SLBLK001,tripshion,TRIP21SLBLK001.JPG
TRIP21SLBLK003,tripshion,TRIP21SLBLK003.JPG
TRIP20SLWHT026,tripshion,TRIP20SLWHT026.JPG
TRIP20SLBLK024,tripshion,TRIP20SLBLK024.JPG
TRIP21SLWHT004,tripshion,TRIP21SLWHT004.JPG
TRIP21SLWHT002,tripshion,TRIP21SLWHT002.JPG
TRIP21SLWHT001,tripshion,TRIP21SLWHT001.JPG
TRIP20SLBLK027,tripshion,TRIP20SLBLK027.JPG
TRIP20SLBLK025,tripshion,TRIP20SLBLK025.JPG
TRIP20SLWHT024,tripshion,TRIP20SLWHT024.JPG
TRIP20SLWHT027,tripshion,TRIP20SLWHT027.JPG
TRIP21SLBLK002,tripshion,TRIP21SLBLK002.JPG
TRIP20SLBLK022,tripshion,TRIP20SLBLK022.JPG
TRIP21SLBLK004,tripshion,TRIP21SLBLK004.JPG
TRIP20SLBLK026,tripshion,TRIP20SLBLK026.JPG
TRIP21SLWHT003,tripshion,TRIP21SLWHT003.JPG
TRIP20SLBLK023,tripshion,TRIP20SLBLK023.JPG
TRIP20SLBLK028,tripshion,TRIP20SLBLK028.JPG
TRIP20SLBLK001,tripshion,TRIP20SLBLK001.JPG
TRIP20SLWHT028,tripshion,TRIP20SLWHT028.JPG
ALPSS-10LPK,andar,ALPSS-10LPK.JPG
AKSNS-06,andar,AKSNS-06.JPG
ALPSS-10BLK,andar,ALPSS-10BLK.JPG
MKPNS-14BLU,andar,MKPNS-14BLU.JPG
AKSNS-02LVD,andar,AKSNS-02LVD.JPG
BLACKSCALE2016047,blackscale,BLACKSCALE2016047.JPG
BLACKSCALE20160194,blackscale,BLACKSCALE20160194.JPG
BLACKSCALE20160193,blackscale,BLACKSCALE20160193.JPG
20170099,blackscale,20170099.JPG
20170100,blackscale,20170100.JPG
BLACKSCALE0087,blackscale,BLACKSCALE0087.JPG
BLACKSCALE0086,blackscale,BLACKSCALE0086.JPG
BLACKSCALE20160192,blackscale,BLACKSCALE20160192.JPG
BLACKSCALE20150041,blackscale,BLACKSCALE20150041.JPG
BLACKSCALE20150046,blackscale,BLACKSCALE20150046.JPG
BLACKSCALE20150042,blackscale,BLACKSCALE20150042.JPG
BLACKSCALE20150047,blackscale,BLACKSCALE20150047.JPG
BLACKSCALE20150043,blackscale,BLACKSCALE20150043.JPG
BLACKSCALE20150044,blackscale,BLACKSCALE20150044.JPG
BLACKSCALE20150040,blackscale,BLACKSCALE20150040.JPG
BLACKSCALE0308,blackscale,BLACKSCALE0308.JPG
BLACKSCALE0236,blackscale,BLACKSCALE0236.JPG
BLACKSCALE0311,blackscale,BLACKSCALE0311.JPG
BLACKSCALE0237,blackscale,BLACKSCALE0237.JPG
BLACKSCALE20150045,blackscale,BLACKSCALE20150045.JPG
BLACKSCALE20160191,blackscale,BLACKSCALE20160191.JPG
BLACKSCALE2016046,blackscale,BLACKSCALE2016046.JPG
422442LYM1,8seconds,422442LYM1.JPG
422442LYM5,8seconds,422442LYM5.JPG
322242NY11,8seconds,322242NY11.JPG
322242NY21,8seconds,322242NY21.JPG
260742DY25,8seconds,260742DY25.JPG
322242NY15,8seconds,322242NY15.JPG
322242NY25,8seconds,322242NY25.JPG
451742LQ13,8seconds,451742LQ13.JPG
252242GYP5,8seconds,252242GYP5.JPG
252242GYP1,8seconds,252242GYP1.JPG
451742LQ1M,8seconds,451742LQ1M.JPG
322242NY1A,8seconds,322242NY1A.JPG
261442LX31,8seconds,261442LX31.JPG
322442LY35,8seconds,322442LY35.JPG
322442LY3A,8seconds,322442LY3A.JPG
322442LY31,8seconds,322442LY31.JPG
322451DY11,8seconds,322451DY11.JPG
261742CY53,8seconds,261742CY53.JPG
F222MSL384099,nfl,F222MSL384099.JPG
F222MSL384011,nfl,F222MSL384011.JPG
F222USL381099,nfl,F222USL381099.JPG
F222USL381274,nfl,F222USL381274.JPG
F222MSL384199,nfl,F222MSL384199.JPG
F212WSL603028,nfl,F212WSL603028.JPG
F202WBT652099,nfl,F202WBT652099.JPG
F212WSL603010,nfl,F212WSL603010.JPG
F212MSL329099,nfl,F212MSL329099.JPG
F202MSL052010,nfl,F202MSL052010.JPG
F202WBT652601,nfl,F202WBT652601.JPG
F202MSL052099,nfl,F202MSL052099.JPG
F202MSL051601,nfl,F202MSL051601.JPG
F202MSL051099,nfl,F202MSL051099.JPG
F202WBT553092,nfl,F202WBT553092.JPG
F202WSL551099,nfl,F202WSL551099.JPG
F202WSL551029,nfl,F202WSL551029.JPG
F202WBT551613,nfl,F202WBT551613.JPG
F202MSL051317,nfl,F202MSL051317.JPG
F212MSL329011,nfl,F212MSL329011.JPG
F202WBT552099,nfl,F202WBT552099.JPG
12834736,gearx,12834736.JPG
12834688,gearx,12834688.JPG
12834786,gearx,12834786.JPG
12834732,gearx,12834732.JPG
12834791,gearx,12834791.JPG
12834737,gearx,12834737.JPG
12834716,gearx,12834716.JPG
12834787,gearx,12834787.JPG
12834733,gearx,12834733.JPG
12834792,gearx,12834792.JPG
12834717,gearx,12834717.JPG
12834788,gearx,12834788.JPG
12834734,gearx,12834734.JPG
12834686,gearx,12834686.JPG
12834720,gearx,12834720.JPG
12834789,gearx,12834789.JPG
12834735,gearx,12834735.JPG
12834687,gearx,12834687.JPG
12834725,gearx,12834725.JPG
12834790,gearx,12834790.JPG
VL4TS062TD,avocado,VL4TS062TD.JPG
VL4TS062PI,avocado,VL4TS062PI.JPG
VL4TS062SM,avocado,VL4TS062SM.JPG
VL4TS022PI,avocado,VL4TS022PI.JPG
VL4TS002NO,avocado,VL4TS002NO.JPG
VL4LF001DL,avocado,VL4LF001DL.JPG
VL4TS304GE,avocado,VL4TS304GE.JPG
VL2TS053GF,avocado,VL2TS053GF.JPG
VL4TS033BT,avocado,VL4TS033BT.JPG
VL4TS033SB,avocado,VL4TS033SB.JPG
VL4LF001TM,avocado,VL4LF001TM.JPG
VL4TS033MB,avocado,VL4TS033MB.JPG
VL4LF001OL,avocado,VL4LF001OL.JPG
VL4TS033LY,avocado,VL4TS033LY.JPG
VL2TS012BJ,avocado,VL2TS012BJ.JPG
VL4LF001LY,avocado,VL4LF001LY.JPG
VL2TS053HG,avocado,VL2TS053HG.JPG
VL4TS033CN,avocado,VL4TS033CN.JPG
VL4TS002AG,avocado,VL4TS002AG.JPG
IPSS21TP03,inprep,IPSS21TP03.JPG
YWE2001215B04,easyoga,YWE2001215B04.JPG
YWE2003205MM09,easyoga,YWE2003205MM09.JPG
YWE2001215O6,easyoga,YWE2001215O6.JPG
YWE2001223CW08,easyoga,YWE2001223CW08.JPG
YWE2001255MM01,easyoga,YWE2001255MM01.JPG
YWE2001212PFC7,easyoga,YWE2001212PFC7.JPG
YWE2001250PFC1,easyoga,YWE2001250PFC1.JPG
YWE1901257MM37,easyoga,YWE1901257MM37.JPG
YWE2001224CR32,easyoga,YWE2001224CR32.JPG
YWE2001223CL1,easyoga,YWE2001223CL1.JPG
YWE2001216A10,easyoga,YWE2001216A10.JPG
YWE2003235P17,easyoga,YWE2003235P17.JPG
YWE2001250MY1,easyoga,YWE2001250MY1.JPG
YWE2001216B3,easyoga,YWE2001216B3.JPG
YWE2001215P08,easyoga,YWE2001215P08.JPG
YWE2001255B33,easyoga,YWE2001255B33.JPG
YWE2003205L1,easyoga,YWE2003205L1.JPG
YWE1901257MM01,easyoga,YWE1901257MM01.JPG
YWE2001250MA0,easyoga,YWE2001250MA0.JPG
KCZK5901E03,chasecult,KCZK5901E03.JPG
ACAK5911F03,chasecult,ACAK5911F03.JPG
ACZK5901E03,chasecult,ACZK5901E03.JPG
KCAK5922F0J,chasecult,KCAK5922F0J.JPG
ACZG5902E0C,chasecult,ACZG5902E0C.JPG
ACAK5911F01,chasecult,ACAK5911F01.JPG
KCRG5991F03,chasecult,KCRG5991F03.JPG
KCZK5902E03,chasecult,KCZK5902E03.JPG
ACZG5902E03,chasecult,ACZG5902E03.JPG
ACZG5902E0F,chasecult,ACZG5902E0F.JPG
KCRG5991F05,chasecult,KCRG5991F05.JPG
KCZK5902E0N,chasecult,KCZK5902E0N.JPG
ACZK5901E0L,chasecult,ACZK5901E0L.JPG
KCAK5922F0Q,chasecult,KCAK5922F0Q.JPG
AW02TN01_BLACK,athplatform,AW02TN01_BLACK.JPG
AW02TN01_GREY,athplatform,AW02TN01_GREY.JPG
AU01TN02_AQUABLUE,athplatform,AU01TN02_AQUABLUE.JPG
AU01TN02_GREEN,athplatform,AU01TN02_GREEN.JPG
430708,mardimercredi,430708.JPG
430702,mardimercredi,430702.JPG
MM21-MU050,mardimercredi,MM21-MU050.JPG
430704,mardimercredi,430704.JPG
430712,mardimercredi,430712.JPG
SMJYGS18186-NYKROYA91PEW,mitchellandness,SMJYGS18186-NYKROYA91PEW.JPG
SMJYGS18212-SSUDKGN07KDU,mitchellandness,SMJYGS18212-SSUDKGN07KDU.JPG
SMJYAC18101-SASBLCK99DRB,mitchellandness,SMJYAC18101-SASBLCK99DRB.JPG
SMJYAC18096-OMAWHIT93AHA,mitchellandness,SMJYAC18096-OMAWHIT93AHA.JPG
SMJYAC18105-SSUDKGN94SKE,mitchellandness,SMJYAC18105-SSUDKGN94SKE.JPG
SMJYGS18190-OMABLCK94AHA,mitchellandness,SMJYGS18190-OMABLCK94AHA.JPG
SMJYGS18162-DPIROYA88DRD,mitchellandness,SMJYGS18162-DPIROYA88DRD.JPG
SMJYAC18056-UJAWHIT96KMA,mitchellandness,SMJYAC18056-UJAWHIT96KMA.JPG
SMJYGS18148-CHOTEAL92AMO,mitchellandness,SMJYGS18148-CHOTEAL92AMO.JPG
SMJYGS18142-BCEKYGN85LBI,mitchellandness,SMJYGS18142-BCEKYGN85LBI.JPG
SMJYAC18109-LALPURP83KAB,mitchellandness,SMJYAC18109-LALPURP83KAB.JPG
SMJYGS18206-SKIBLCK00JWI,mitchellandness,SMJYGS18206-SKIBLCK00JWI.JPG
SMJYGS18208-SASBLCK98TDU,mitchellandness,SMJYGS18208-SASBLCK98TDU.JPG
SMJYAC18079-CBUWHIT97DRD,mitchellandness,SMJYAC18079-CBUWHIT97DRD.JPG
MALI-YELLOW,sugapoint,MALI-YELLOW.JPG
MALI-D.BLUE,sugapoint,MALI-D.BLUE.JPG
SGP_T00013,sugapoint,SGP_T00013.JPG
MUMU-WHITE,sugapoint,MUMU-WHITE.JPG
SGP_T00012,sugapoint,SGP_T00012.JPG
TERY-DYE_PURPLE1,sugapoint,TERY-DYE_PURPLE1.JPG
SGP_T00014,sugapoint,SGP_T00014.JPG
MUMU-BLACK,sugapoint,MUMU-BLACK.JPG
KATIE,sugapoint,KATIE.JPG
BILLY-KHAKI1,sugapoint,BILLY-KHAKI1.JPG
SGP_T00116,sugapoint,SGP_T00116.JPG
SGP_T00118,sugapoint,SGP_T00118.JPG
BILLY-DGREY1,sugapoint,BILLY-DGREY1.JPG
TED-BLACK1,sugapoint,TED-BLACK1.JPG
TERY-DYE_GREY1,sugapoint,TERY-DYE_GREY1.JPG
SGP_T00010,sugapoint,SGP_T00010.JPG
SGP_T00011,sugapoint,SGP_T00011.JPG
DANCE,sugapoint,DANCE.JPG
SC21S251PK,sculptor,SC21S251PK.JPG
SC21S276WH,sculptor,SC21S276WH.JPG
SC21S276GR,sculptor,SC21S276GR.JPG
F21ZB214WH,nastyfancyclub,F21ZB214WH.JPG
F21ZB214BK,nastyfancyclub,F21ZB214BK.JPG
F22QB420PU,nastyfancyclub,F22QB420PU.JPG
F22QB422GR,nastyfancyclub,F22QB422GR.JPG
F22QB422BL,nastyfancyclub,F22QB422BL.JPG
F22QB420BR,nastyfancyclub,F22QB420BR.JPG
F22QB420BL,nastyfancyclub,F22QB420BL.JPG
F21ZB214GR,nastyfancyclub,F21ZB214GR.JPG
F21ZB214BL,nastyfancyclub,F21ZB214BL.JPG
20SS-F522,nastyfancyclub,20SS-F522.JPG
F21QM001,nastyfancyclub,F21QM001.JPG
F21QB117GR,nastyfancyclub,F21QB117GR.JPG
LP18SSTS020BK,lup,LP18SSTS020BK.JPG
LPIT18SSOP001BK,lup,LPIT18SSOP001BK.JPG
LP18HSTS013BK,lup,LP18HSTS013BK.JPG
LP18HSTS011GN,lup,LP18HSTS011GN.JPG
201901003002-2,imperialmotion,201901003002-2.JPG
201702006012,imperialmotion,201702006012.JPG
201702006011,imperialmotion,201702006011.JPG
BD21S207KH,badee,BD21S207KH.JPG
BD21S207BK,badee,BD21S207BK.JPG
(W)KINSELYSLEEVELESS-BLACK,apartment,(W)KINSELYSLEEVELESS-BLACK.JPG
(W)NORASLEEVELESS-MUSTARD,apartment,(W)NORASLEEVELESS-MUSTARD.JPG
(W)JOESLEEVELESS-GREEN,apartment,(W)JOESLEEVELESS-GREEN.JPG
(W)KINSELYSLEEVELESS-MUSTARD,apartment,(W)KINSELYSLEEVELESS-MUSTARD.JPG
(W)CORIANDERSLEEVELESS-NAVY,apartment,(W)CORIANDERSLEEVELESS-NAVY.JPG
(W)CLOVESLEEVELESS-BLACK,apartment,(W)CLOVESLEEVELESS-BLACK.JPG
(W)ADELYESLEEVELESS-MUSTARD,apartment,(W)ADELYESLEEVELESS-MUSTARD.JPG
(W)MILASLEEVELESS-GREEN,apartment,(W)MILASLEEVELESS-GREEN.JPG
(W)CORIANDERSLEEVELESS-BLACK,apartment,(W)CORIANDERSLEEVELESS-BLACK.JPG
(W)JOESLEEVELESS-PINK,apartment,(W)JOESLEEVELESS-PINK.JPG
(W)CORIANDERSLEEVELESS-PINK,apartment,(W)CORIANDERSLEEVELESS-PINK.JPG
(W)MILASLEEVELESS-BLACK,apartment,(W)MILASLEEVELESS-BLACK.JPG
(W)MILASLEEVELESS-BLUE,apartment,(W)MILASLEEVELESS-BLUE.JPG
(W)JOESLEEVELESS-BURGUNDY,apartment,(W)JOESLEEVELESS-BURGUNDY.JPG
(W)ADELYESLEEVELESS-RED,apartment,(W)ADELYESLEEVELESS-RED.JPG
(W)CLOVESLEEVELESS-BLUE,apartment,(W)CLOVESLEEVELESS-BLUE.JPG
(W)NORASLEEVELESS-PINK,apartment,(W)NORASLEEVELESS-PINK.JPG
P22TSS105KHF,partsparts,P22TSS105KHF.JPG
P22TSS103BEF,partsparts,P22TSS103BEF.JPG
P22TSS103ORF,partsparts,P22TSS103ORF.JPG
P22TSS103BKF,partsparts,P22TSS103BKF.JPG
P22TSS105BKF,partsparts,P22TSS105BKF.JPG
P22TSS105GYF,partsparts,P22TSS105GYF.JPG
P22TSS103GRF,partsparts,P22TSS103GRF.JPG
P22TSS104BKF,partsparts,P22TSS104BKF.JPG
PTS2017RD,partsparts,PTS2017RD.JPG
PTS2017GY,partsparts,PTS2017GY.JPG
PTS2104BK,partsparts,PTS2104BK.JPG
PTS2017BK,partsparts,PTS2017BK.JPG
PTS2104GY,partsparts,PTS2104GY.JPG
PTS2017NV,partsparts,PTS2017NV.JPG
DD1989-010,nike,DD1989-010.JPG
BV5600-010,nike,BV5600-010.JPG
910936-313,nike,910936-313.JPG
MNKDFSUPERSETTOPTANK(CZ2409-010),nike,MNKDFSUPERSETTOPTANK(CZ2409-010).JPG
MNPTOPSLTIGHT(BV5600-010),nike,MNPTOPSLTIGHT(BV5600-010).JPG
CJ1974-010,nike,CJ1974-010.JPG
CU3252-010,nike,CU3252-010.JPG
DB9800-615,nike,DB9800-615.JPG
DB9800-010,nike,DB9800-010.JPG
BQ1260,nike,BQ1260.JPG
DC7208-010,nike,DC7208-010.JPG
DA0761-010,nike,DA0761-010.JPG
DM4602-010,nike,DM4602-010.JPG
CU3327-010,nike,CU3327-010.JPG
CZ9814-010,nike,CZ9814-010.JPG
CW2206-010,nike,CW2206-010.JPG
3ATK01023-50BKS,mlb,3ATK01023-50BKS.JPG
3ATK01023-50WHS,mlb,3ATK01023-50WHS.JPG
3FTKIA023-50WHS,mlb,3FTKIA023-50WHS.JPG
3FTK06023-07LDL,mlb,3FTK06023-07LDL.JPG
3FTK07023-50BKS,mlb,3FTK07023-50BKS.JPG
3FTK07023-43KAL,mlb,3FTK07023-43KAL.JPG
3FTK06023-50WHS,mlb,3FTK06023-50WHS.JPG
3FTK08023-50PKS,mlb,3FTK08023-50PKS.JPG
3FTKIA023-50PPN,mlb,3FTKIA023-50PPN.JPG
3FTK06023-50BKS,mlb,3FTK06023-50BKS.JPG
3FTKIA023-50BKS,mlb,3FTKIA023-50BKS.JPG
3FTK08023-50BKS,mlb,3FTK08023-50BKS.JPG
USAMERCHAN0048,usamerchandising,USAMERCHAN0048.JPG
USAMERCHAN0051,usamerchandising,USAMERCHAN0051.JPG
USAMERCHAN0041,usamerchandising,USAMERCHAN0041.JPG
USAMERCHAN0050,usamerchandising,USAMERCHAN0050.JPG
USAMERCHAN0261,usamerchandising,USAMERCHAN0261.JPG
USAMERCHAN0203,usamerchandising,USAMERCHAN0203.JPG
USAMERCHAN0195,usamerchandising,USAMERCHAN0195.JPG
USAMERCHAN0187,usamerchandising,USAMERCHAN0187.JPG
USAMERCHAN0045,usamerchandising,USAMERCHAN0045.JPG
USAMERCHAN0180,usamerchandising,USAMERCHAN0180.JPG
USAMERCHAN0073,usamerchandising,USAMERCHAN0073.JPG
USAMERCHAN0054,usamerchandising,USAMERCHAN0054.JPG
USAMERCHAN0047,usamerchandising,USAMERCHAN0047.JPG
USAMERCHAN0070,usamerchandising,USAMERCHAN0070.JPG
A2106NT008,ariff,A2106NT008.JPG
A2106TE032,ariff,A2106TE032.JPG
A2106TE033,ariff,A2106TE033.JPG
VA21SL515BLK,rvca,VA21SL515BLK.JPG
VA21SL193BLK,rvca,VA21SL193BLK.JPG
VB11SL328WAA,rvca,VB11SL328WAA.JPG
VA21SL194BLK,rvca,VA21SL194BLK.JPG
VB11SL339JGL,rvca,VB11SL339JGL.JPG
VB11SL144WHT,rvca,VB11SL144WHT.JPG
VB11SL144BLK,rvca,VB11SL144BLK.JPG
VB11SL021WHT,rvca,VB11SL021WHT.JPG
VB11SL021BLK,rvca,VB11SL021BLK.JPG
VB11SL537WHT,rvca,VB11SL537WHT.JPG
VB11SL537BLK,rvca,VB11SL537BLK.JPG
VA21SL509AHR,rvca,VA21SL509AHR.JPG
VA21SL532BLK,rvca,VA21SL532BLK.JPG
VA21SL532COM,rvca,VA21SL532COM.JPG
718904,dearstalker,718904.JPG
162055,dearstalker,162055.JPG
162056,dearstalker,162056.JPG
718892,dearstalker,718892.JPG
718905,dearstalker,718905.JPG
162050,dearstalker,162050.JPG
162047,dearstalker,162047.JPG
449617,dearstalker,449617.JPG
162048,dearstalker,162048.JPG
718893,dearstalker,718893.JPG
718894,dearstalker,718894.JPG
162054,dearstalker,162054.JPG
162049,dearstalker,162049.JPG
718895,dearstalker,718895.JPG
718891,dearstalker,718891.JPG
G-SV-22,graver,G-SV-22.JPG
G-SV-19,graver,G-SV-19.JPG
G-SV-29,graver,G-SV-29.JPG
M-G-SV-02,graver,M-G-SV-02.JPG
G-SV-31,graver,G-SV-31.JPG
M-G-SV-01,graver,M-G-SV-01.JPG
G-SV-33,graver,G-SV-33.JPG
G-SV-30,graver,G-SV-30.JPG
G-SV-35,graver,G-SV-35.JPG
G-SV-09,graver,G-SV-09.JPG
G-SV-26,graver,G-SV-26.JPG
G-SV-27,graver,G-SV-27.JPG
P0000FPH,kirsh,P0000FPH.JPG
P0000FPG,kirsh,P0000FPG.JPG
P0000FPI,kirsh,P0000FPI.JPG
P0000FMO,kirsh,P0000FMO.JPG
P0000FNL,kirsh,P0000FNL.JPG
P0000FNK,kirsh,P0000FNK.JPG
6442855,ladyvolume,6442855.JPG
6442856,ladyvolume,6442856.JPG
6442854,ladyvolume,6442854.JPG
P21TS010,parsley,P21TS010.JPG
T32C1TTO82TWT1ZF9,tommyjeans,T32C1TTO82TWT1ZF9.JPG
T32C1TTO82TWT1TH3,tommyjeans,T32C1TTO82TWT1TH3.JPG
T32C1TTO83TWT1ZF9,tommyjeans,T32C1TTO83TWT1ZF9.JPG
T32C1WSH81TWT1TH3,tommyjeans,T32C1WSH81TWT1TH3.JPG
T32C1TTO83TWT1TH3,tommyjeans,T32C1TTO83TWT1TH3.JPG
T32C3TTO32TWT40XU,tommyjeans,T32C3TTO32TWT40XU.JPG
T32C3TTO32TWT10XO,tommyjeans,T32C3TTO32TWT10XO.JPG
21SMT2,renej,21SMT2.JPG
21SMK10,renej,21SMK10.JPG
21SMK3,renej,21SMK3.JPG
21SMK11,renej,21SMK11.JPG
21SMT6,renej,21SMT6.JPG
21SMB4,renej,21SMB4.JPG
SLEEVELESSTHINT-SHIRT,renej,SLEEVELESSTHINT-SHIRT.JPG
802839023,crossdot,802839023.JPG
802839022,crossdot,802839022.JPG
802839018,crossdot,802839018.JPG
802839025,crossdot,802839025.JPG
802839014,crossdot,802839014.JPG
802839020,crossdot,802839020.JPG
802839021,crossdot,802839021.JPG
802839016,crossdot,802839016.JPG
802839019,crossdot,802839019.JPG
802839024,crossdot,802839024.JPG
802839017,crossdot,802839017.JPG
802839015,crossdot,802839015.JPG
BP22040813,bape,BP22040813.JPG
AP1905081,bape,AP1905081.JPG
AP1904301,bape,AP1904301.JPG
AP1906185,bape,AP1906185.JPG
BP2006209,bape,BP2006209.JPG
BP2004181,bape,BP2004181.JPG
AP1904083,bape,AP1904083.JPG
AP2106151,bape,AP2106151.JPG
BP1905153,bape,BP1905153.JPG
BP20050916,bape,BP20050916.JPG
BP2107242,bape,BP2107242.JPG
BP2008012,bape,BP2008012.JPG
BP1906298,bape,BP1906298.JPG
061925-NAVY,lornajane,061925-NAVY.JPG
101839,lornajane,101839.JPG
122040,lornajane,122040.JPG
061925-COPPER,lornajane,061925-COPPER.JPG
121911,lornajane,121911.JPG
071946,lornajane,071946.JPG
022124,lornajane,022124.JPG
081906,lornajane,081906.JPG
071948,lornajane,071948.JPG
042053,lornajane,042053.JPG
032040,lornajane,032040.JPG
TH22STS003OLF,threetoeighty,TH22STS003OLF.JPG
TH22STS002BG,threetoeighty,TH22STS002BG.PNG
190502011,threetoeighty,190502011.JPG
190502010,threetoeighty,190502010.JPG
190502012,threetoeighty,190502012.JPG
TL-19FW-T-06GY,theloom,TL-19FW-T-06GY.JPG
TL-19FW-T-06BR,theloom,TL-19FW-T-06BR.JPG
21OFWTP21BK,oddoneout,21OFWTP21BK.JPG
21OSSTP23PK,oddoneout,21OSSTP23PK.JPG
22OSSTP02PUF,oddoneout,22OSSTP02PUF.JPG
21OFWTP30BE,oddoneout,21OFWTP30BE.JPG
21OSSTP08PU,oddoneout,21OSSTP08PU.JPG
21OFWTP21WH,oddoneout,21OFWTP21WH.JPG
21OFWTP21GY,oddoneout,21OFWTP21GY.JPG
21OFWTP30BL,oddoneout,21OFWTP30BL.JPG
22OSSTP02PKF,oddoneout,22OSSTP02PKF.JPG
TOP_006,bfeep,TOP_006.PNG
TOP#007,bfeep,TOP#007.JPG
TOP#001,bfeep,TOP#001.JPG
21HS_TS016,crank,21HS_TS016.JPG
19H_S_TS001,crank,19H_S_TS001.JPG
19SS_TS009,crank,19SS_TS009.JPG
21SPRING_TS005,crank,21SPRING_TS005.JPG
DZ-SS-SL06,dozoh,DZ-SS-SL06.JPG
DZ-SS-SL07,dozoh,DZ-SS-SL07.JPG
DZ-SS-SL02,dozoh,DZ-SS-SL02.JPG
DZ-SS-SL08,dozoh,DZ-SS-SL08.JPG
DZ-SS-SL05,dozoh,DZ-SS-SL05.JPG
DZ-SS-SL01,dozoh,DZ-SS-SL01.JPG
DZ-SS-SL03,dozoh,DZ-SS-SL03.JPG
DZ-SS-SL04,dozoh,DZ-SS-SL04.JPG
DZ-SS-SL10,dozoh,DZ-SS-SL10.JPG
DZ-SS-SL09,dozoh,DZ-SS-SL09.JPG
DZ-SS-SL11,dozoh,DZ-SS-SL11.JPG
21SS-T38,runninghigh,21SS-T38.JPG
22SS-T7-1,runninghigh,22SS-T7-1.JPG
21SS-T39,runninghigh,21SS-T39.JPG
21SS-T46,runninghigh,21SS-T46.JPG
21SS-T45,runninghigh,21SS-T45.JPG
21SS-T52,runninghigh,21SS-T52.JPG
2018SUMMER-T30,runninghigh,2018SUMMER-T30.JPG
21SS-T53,runninghigh,21SS-T53.JPG
2019SUMMER-T11,runninghigh,2019SUMMER-T11.JPG
21FW-T10-2,runninghigh,21FW-T10-2.JPG
P0000CCX,h8,P0000CCX.JPG
P0000CCY,h8,P0000CCY.JPG
P0000CCD,h8,P0000CCD.JPG
P0000CCB,h8,P0000CCB.JPG
P0000CCC,h8,P0000CCC.JPG
P0000CBX,h8,P0000CBX.JPG
802839181,basiclabel,802839181.JPG
802839182,basiclabel,802839182.JPG
802839187,basiclabel,802839187.JPG
802839178,basiclabel,802839178.JPG
802839183,basiclabel,802839183.JPG
802839188,basiclabel,802839188.JPG
802839179,basiclabel,802839179.JPG
802839184,basiclabel,802839184.JPG
802839189,basiclabel,802839189.JPG
802839180,basiclabel,802839180.JPG
802839185,basiclabel,802839185.JPG
802839186,basiclabel,802839186.JPG
1225383,urago,1225383.JPG
1126377,urago,1126377.JPG
1034310,urago,1034310.JPG
1148707,urago,1148707.JPG
1137867,urago,1137867.JPG
1126379,urago,1126379.JPG
5527A3,aaawomens,5527A3.JPG
5527A1,aaawomens,5527A1.JPG
5527A7,aaawomens,5527A7.JPG
5527A10,aaawomens,5527A10.JPG
5527A11,aaawomens,5527A11.JPG
5527A9,aaawomens,5527A9.JPG
5527A2,aaawomens,5527A2.JPG
5527A6,aaawomens,5527A6.JPG
5527A8,aaawomens,5527A8.JPG
5527A4,aaawomens,5527A4.JPG
5527A5,aaawomens,5527A5.JPG
5527A12,aaawomens,5527A12.JPG
CU212TP001BK,curetty,CU212TP001BK.JPG
CU214TS003GE,curetty,CU214TS003GE.JPG
CU214TS003BK,curetty,CU214TS003BK.JPG
2021031203,youthkrew,2021031203.JPG
2022022844,youthkrew,2022022844.JPG
2022022861,youthkrew,2022022861.JPG
2021031204,youthkrew,2021031204.JPG
2021021808,youthkrew,2021021808.JPG
2021021809,youthkrew,2021021809.JPG
1394216,amukorea,1394216.JPG
LMBTS268MBK,lonsdale1,LMBTS268MBK.JPG
LMBTS268MLM,lonsdale1,LMBTS268MLM.JPG
LMBTS267MDBL,lonsdale1,LMBTS267MDBL.JPG
LLBTS226U,lonsdale1,LLBTS226U.JPG
LMBTS267MBK,lonsdale1,LMBTS267MBK.JPG
LLBTS705F,lonsdale1,LLBTS705F.JPG
LLBTS237M,lonsdale1,LLBTS237M.JPG
LLBTS710F,lonsdale1,LLBTS710F.JPG
LLBTS227U,lonsdale1,LLBTS227U.JPG
LLBTS238M,lonsdale1,LLBTS238M.JPG
LMBTS267MWH,lonsdale1,LMBTS267MWH.JPG
2022TS011,acho,2022TS011.JPG
2022TS013,acho,2022TS013.JPG
3381812,ahe,3381812.JPG
3381813,ahe,3381813.JPG
3381810,ahe,3381810.JPG
BAT-SE09-T09-BE,babletwo,BAT-SE09-T09-BE.JPG
BAT-SE11-T06-BL,babletwo,BAT-SE11-T06-BL.JPG
BAT-SE08-T01-YE,babletwo,BAT-SE08-T01-YE.JPG
BAT-SEASON3-T05-WH,babletwo,BAT-SEASON3-T05-WH.JPG
BAT-SE09-T09-PK,babletwo,BAT-SE09-T09-PK.JPG
BAT-SE08-T01-RE,babletwo,BAT-SE08-T01-RE.JPG
BAT-SE09-T09-BK,babletwo,BAT-SE09-T09-BK.JPG
BAT-SE09-T09-WH,babletwo,BAT-SE09-T09-WH.JPG
BAT-SE11-T06-WH,babletwo,BAT-SE11-T06-WH.JPG
NF22CH15TP022,nofficialnoffice,NF22CH15TP022.JPG
NF22CH15TP021,nofficialnoffice,NF22CH15TP021.JPG
NF22CH15TP020,nofficialnoffice,NF22CH15TP020.JPG
NF22CH15TP018,nofficialnoffice,NF22CH15TP018.JPG
NF20CH11TP011,nofficialnoffice,NF20CH11TP011.JPG
SN221TCO51,descente,SN221TCO51.JPG
SN222PST44,descente,SN222PST44.JPG
SN222PST41,descente,SN222PST41.JPG
SN123UST13,descente,SN123UST13.JPG
SN221TST43,descente,SN221TST43.JPG
SN222PST43,descente,SN222PST43.JPG
SN123RST11,descente,SN123RST11.JPG
WJ9M6-BSSL090,june,WJ9M6-BSSL090.JPG
WJ9M6-BOSL050,june,WJ9M6-BOSL050.JPG
SA5202,skullpig,SA5202.JPG
SA5206,skullpig,SA5206.JPG
SA5205,skullpig,SA5205.JPG
IJ-881801(1),injiactive,IJ-881801(1).JPG
IJ-881801(2),injiactive,IJ-881801(2).JPG
TP026,onore,TP026.JPG
TP045,onore,TP045.JPG
NOI392,noiago,NOI392.JPG
NOI108,noiago,NOI108.JPG
NOI109,noiago,NOI109.JPG
NOI387,noiago,NOI387.JPG
V20MTPNT018ROF,ventella,V20MTPNT018ROF.PNG
V20MTPNT018BOF,ventella,V20MTPNT018BOF.PNG
V20MTPNT018BGF,ventella,V20MTPNT018BGF.PNG
V20MTPNT001WYF,ventella,V20MTPNT001WYF.JPG
V20MTPNT001WCF,ventella,V20MTPNT001WCF.JPG
V20MTPNT001WGF,ventella,V20MTPNT001WGF.JPG
V20MTPNT018RBF,ventella,V20MTPNT018RBF.PNG
V20MTPNT001WOF,ventella,V20MTPNT001WOF.JPG
V20MTPNT001BKF,ventella,V20MTPNT001BKF.JPG
SWITCHBLADETANKTOPBLACK,ashbury,SWITCHBLADETANKTOPBLACK.JPG
RAMTANKTOPBLACK,ashbury,RAMTANKTOPBLACK.JPG
THUGLIFETANKTOPHEATHERGREY,ashbury,THUGLIFETANKTOPHEATHERGREY.JPG
M21000102M99,mishka,M21000102M99.JPG
M21000102M80,mishka,M21000102M80.JPG
MISHKA0126,mishka,MISHKA0126.JPG
SALE0089,mishka,SALE0089.JPG
MISHKA0212,mishka,MISHKA0212.JPG
SALE0015,mishka,SALE0015.JPG
MISHKA0124,mishka,MISHKA0124.JPG
CTE2TS08WH,citybreeze,CTE2TS08WH.JPG
CTE2TS08SB,citybreeze,CTE2TS08SB.JPG
E1T15BK,citybreeze,E1T15BK.JPG
T2RE-001,valiant,T2RE-001.JPG
T2BL-001,valiant,T2BL-001.JPG
10-2,setupexe,10-2.JPG
21S002-2,setupexe,21S002-2.JPG
S018,setupexe,S018.JPG
9-2,setupexe,9-2.JPG
HS006-4,setupexe,HS006-4.JPG
10-1,setupexe,10-1.JPG
18SS_S2BEIGE,smitharmor,18SS_S2BEIGE.JPG
6_21SS02_T1_BLACK,smitharmor,6_21SS02_T1_BLACK.JPG
18SS_S2BLACK,smitharmor,18SS_S2BLACK.JPG
6_20SS2_T6_BLACK,smitharmor,6_20SS2_T6_BLACK.JPG
5_20SS2_T5_BLACK,smitharmor,5_20SS2_T5_BLACK.JPG
6_21SS02_T1_BEIGE,smitharmor,6_21SS02_T1_BEIGE.JPG
18SS_S2WHITE,smitharmor,18SS_S2WHITE.JPG
22SP03,clutstudio,22SP03.JPG
22SP04,clutstudio,22SP04.JPG
VL2201,clutstudio,VL2201.JPG
19SSSTCSCSB,clutstudio,19SSSTCSCSB.JPG
19SSSTCSCPK,clutstudio,19SSSTCSCPK.JPG
19SSSTCSCBK,clutstudio,19SSSTCSCBK.JPG
21FW11,clutstudio,21FW11.JPG
(W)SOFTYKNITSLEEVELESS-BLACK,maryjames,(W)SOFTYKNITSLEEVELESS-BLACK.JPG
(W)SCUDKNITSLEEVELESS-PINK,maryjames,(W)SCUDKNITSLEEVELESS-PINK.JPG
(W)SCUDKNITSLEEVELESS-MUSTARD,maryjames,(W)SCUDKNITSLEEVELESS-MUSTARD.JPG
(W)SOFTYKNITSLEEVELESS-YELLOW,maryjames,(W)SOFTYKNITSLEEVELESS-YELLOW.JPG
(W)SCUDKNITSLEEVELESS-PURPLE,maryjames,(W)SCUDKNITSLEEVELESS-PURPLE.JPG
(W)SOFTYKNITSLEEVELESS-IVORY,maryjames,(W)SOFTYKNITSLEEVELESS-IVORY.JPG
(W)SCUDKNITSLEEVELESS-BLACK,maryjames,(W)SCUDKNITSLEEVELESS-BLACK.JPG
(W)SCUDKNITSLEEVELESS-NAVY,maryjames,(W)SCUDKNITSLEEVELESS-NAVY.JPG
(W)SCUDKNITSLEEVELESS-IVORY,maryjames,(W)SCUDKNITSLEEVELESS-IVORY.JPG
2022040102,halominium,2022040102.JPG
2022040103,halominium,2022040103.JPG
22SSTO06ST,bowlloon,22SSTO06ST.JPG
21SRTOWRCR,bowlloon,21SRTOWRCR.JPG
21SS3_07,highschooldisco,21SS3_07.JPG
21SS4_04,highschooldisco,21SS4_04.JPG
21SS4_03,highschooldisco,21SS4_03.JPG
20SS_70,highschooldisco,20SS_70.JPG
21SS3_09,highschooldisco,21SS3_09.JPG
21SS3_06,highschooldisco,21SS3_06.JPG
21SS3_05,highschooldisco,21SS3_05.JPG
DWSL91023-BKS,discoveryexpedition,DWSL91023-BKS.JPG
DXSL71023-WHS,discoveryexpedition,DXSL71023-WHS.JPG
DMSL69023-MGD,discoveryexpedition,DMSL69023-MGD.JPG
DXSL71023-BKS,discoveryexpedition,DXSL71023-BKS.JPG
DXSL6A023-MGS,discoveryexpedition,DXSL6A023-MGS.JPG
DMSL69023-MTS,discoveryexpedition,DMSL69023-MTS.JPG
DMSL69023-BKS,discoveryexpedition,DMSL69023-BKS.JPG
DXSL6A023-BKS,discoveryexpedition,DXSL6A023-BKS.JPG
DXSL71023-MTD,discoveryexpedition,DXSL71023-MTD.JPG
802839297,wanil,802839297.JPG
802839293,wanil,802839293.JPG
802839298,wanil,802839298.JPG
802839294,wanil,802839294.JPG
802839290,wanil,802839290.JPG
802839291,wanil,802839291.JPG
802839296,wanil,802839296.JPG
802839292,wanil,802839292.JPG
SWS4TS15BK,switch123,SWS4TS15BK.JPG
SWS3TS13PK,switch123,SWS3TS13PK.JPG
NFK82TS07WH,noir,NFK82TS07WH.JPG
NFK92TP04,noir,NFK92TP04.JPG
NFK92TP03,noir,NFK92TP03.JPG
HDCR_ST002,hdcr,HDCR_ST002.JPG
HDCR_STB021,hdcr,HDCR_STB021.JPG
HDCR_STB023,hdcr,HDCR_STB023.JPG
HDCR_ST005,hdcr,HDCR_ST005.JPG
HDCR_STB025,hdcr,HDCR_STB025.JPG
20180030501,search410,20180030501.JPG
CKTS1E066N2,champion,CKTS1E066N2.JPG
26453,champion,26453.JPG
CKTS1E008R2,champion,CKTS1E008R2.JPG
CKTS1E008G3,champion,CKTS1E008G3.JPG
CKTS1E008BK,champion,CKTS1E008BK.JPG
CKTS1E008N2,champion,CKTS1E008N2.JPG
CKTS1E066BK,champion,CKTS1E066BK.JPG
10868,champion,10868.JPG
59-1,soleloop,59-1.JPG
59-2,soleloop,59-2.JPG
48-2,soleloop,48-2.JPG
48-3,soleloop,48-3.JPG
NN-19SSTP01-CR-F,onne,NN-19SSTP01-CR-F.JPG
NN-19SSTP01-BK-F,onne,NN-19SSTP01-BK-F.JPG
22SSSL01_1GR,demarc,22SSSL01_1GR.JPG
22SSSL01_1WT,demarc,22SSSL01_1WT.JPG
22SSSL01GR,demarc,22SSSL01GR.JPG
22SSSL01WT,demarc,22SSSL01WT.JPG
20SMTS04BK,demarc,20SMTS04BK.JPG
20SMTS04GY,demarc,20SMTS04GY.JPG
TC22SSTOP12WH,thecentaur,TC22SSTOP12WH.JPG
TC22SSTOP12PK,thecentaur,TC22SSTOP12PK.JPG
TC21SSTOP01BKBL,thecentaur,TC21SSTOP01BKBL.JPG
TC21SSTOP01IVBL,thecentaur,TC21SSTOP01IVBL.JPG
TC21SSTOP01IVOR,thecentaur,TC21SSTOP01IVOR.JPG
TC19SSTOP01-2,thecentaur,TC19SSTOP01-2.JPG
BR510,brenson,BR510.JPG
MMT1004,musclearmed,MMT1004.JPG
MMT1002,musclearmed,MMT1002.JPG
MWT1001,musclearmed,MWT1001.JPG
MWT1002,musclearmed,MWT1002.JPG
MWT1004,musclearmed,MWT1004.JPG
MMT1006,musclearmed,MMT1006.JPG
17STSL05,stigma,17STSL05.JPG
19STSL02,stigma,19STSL02.JPG
19STSL05,stigma,19STSL05.JPG
20FBSL01,stigma,20FBSL01.JPG
17STSL01,stigma,17STSL01.JPG
17STSL02,stigma,17STSL02.JPG
19STSL04,stigma,19STSL04.JPG
350,magpierobin,350.JPG
351,magpierobin,351.JPG
352,magpierobin,352.JPG
323,magpierobin,323.JPG
267,magpierobin,267.JPG
324,magpierobin,324.JPG
243,magpierobin,243.JPG
322,magpierobin,322.JPG
ATP_T00010,actualpain,ATP_T00010.JPG
ACTUALPAIN0027,actualpain,ACTUALPAIN0027.JPG
ACTUALPAIN0028,actualpain,ACTUALPAIN0028.JPG
ATP_T00007,actualpain,ATP_T00007.JPG
ATP_T00009,actualpain,ATP_T00009.JPG
CKTS0F070WT,championjapan,CKTS0F070WT.JPG
CKTS1E071I2,championjapan,CKTS1E071I2.JPG
CKTS1E071BK,championjapan,CKTS1E071BK.JPG
CKTS1E072G2,championjapan,CKTS1E072G2.JPG
CKTS1E071WT,championjapan,CKTS1E071WT.JPG
OE_TOP_001,oesoel,OE_TOP_001.JPG
OE_TOP_006,oesoel,OE_TOP_006.JPG
OE_TOP_005,oesoel,OE_TOP_005.JPG
OE_TOP_007,oesoel,OE_TOP_007.JPG
OE_TOP_004,oesoel,OE_TOP_004.JPG
SUTOP-2214311,salondeseoul,SUTOP-2214311.JPG
SWTOP-2112222,salondeseoul,SWTOP-2112222.JPG
SWTOP-2112221,salondeseoul,SWTOP-2112221.JPG
802839362,diiff,802839362.JPG
802839367,diiff,802839367.JPG
802839363,diiff,802839363.JPG
802839364,diiff,802839364.JPG
802839361,diiff,802839361.JPG
802839366,diiff,802839366.JPG
802839365,diiff,802839365.JPG
802839368,diiff,802839368.JPG
HBPP20,iamnotahumanbeing,HBPP20.JPG
HBPP23,iamnotahumanbeing,HBPP23.JPG
HBPP22,iamnotahumanbeing,HBPP22.JPG
HBPP21,iamnotahumanbeing,HBPP21.JPG
HBPP25,iamnotahumanbeing,HBPP25.JPG
HBPP24,iamnotahumanbeing,HBPP24.JPG
LW222SL801_BLACK,lifework,LW222SL801_BLACK.JPG
LW222SL801_PATTERNWHITE,lifework,LW222SL801_PATTERNWHITE.JPG
LW222SL803_WHITE,lifework,LW222SL803_WHITE.JPG
19SSNDTS013,near8dear,19SSNDTS013.JPG
19SSNDBL004,near8dear,19SSNDBL004.JPG
MONO06,monomania,MONO06.JPG
MONO03,monomania,MONO03.JPG
MONO29,monomania,MONO29.JPG
MONO18,monomania,MONO18.JPG
20SSLSTWH,emm,20SSLSTWH.JPG
21FW24,emm,21FW24.JPG
JVKT326G,jucyjudy,JVKT326G.JPG
K1223LSL41BLK,kodak,K1223LSL41BLK.JPG
K1223LSL41YLW,kodak,K1223LSL41YLW.JPG
K1223LSL41WHT,kodak,K1223LSL41WHT.JPG
K1223LSL61BLK,kodak,K1223LSL61BLK.JPG
K1222LSL62RED,kodak,K1222LSL62RED.JPG
SY20B2W0105WH,soyoon,SY20B2W0105WH.JPG
SY20B2W0105GN,soyoon,SY20B2W0105GN.JPG
SY20B2W0201OR,soyoon,SY20B2W0201OR.JPG
SY20B2W0105BK,soyoon,SY20B2W0105BK.JPG
SY20B2W0201PK,soyoon,SY20B2W0201PK.JPG
SY20B2W0201GN,soyoon,SY20B2W0201GN.JPG
SY20B2W0105NV,soyoon,SY20B2W0105NV.JPG
1366139-001,underarmour,1366139-001.JPG
1370462-279,underarmour,1370462-279.JPG
1369968-824,underarmour,1369968-824.JPG
1370462-010,underarmour,1370462-010.JPG
1361522-090,underarmour,1361522-090.JPG
1361522-100,underarmour,1361522-100.JPG
1356561-001,underarmour,1356561-001.JPG
4409938,lartigent,4409938.JPG
4409934,lartigent,4409934.JPG
WO136PETKZ01,outdoorproducts,WO136PETKZ01.JPG
WO136PETKZ80,outdoorproducts,WO136PETKZ80.JPG
WO136PETKZ04,outdoorproducts,WO136PETKZ04.JPG
WO136PETKZ03,outdoorproducts,WO136PETKZ03.JPG
CMB22SS11,callmebaby,CMB22SS11.JPG
CMB22SS13,callmebaby,CMB22SS13.JPG
CMB22SS12,callmebaby,CMB22SS12.JPG
CMB21SS38,callmebaby,CMB21SS38.JPG
CMB21SS39,callmebaby,CMB21SS39.JPG
EPY21FWSV05,eponym,EPY21FWSV05.JPG
EPY21FWSV01,eponym,EPY21FWSV01.JPG
EPY21FWSV02,eponym,EPY21FWSV02.JPG
EPY21FWSV03,eponym,EPY21FWSV03.JPG
EPY21FWSV04,eponym,EPY21FWSV04.JPG
EPY21FWSV06,eponym,EPY21FWSV06.JPG
EPY21FWSV07,eponym,EPY21FWSV07.JPG
TS011NE,dimecres,TS011NE.JPG
TS016,dimecres,TS016.JPG
MIWKAC520T,mixxo,MIWKAC520T.JPG
296256,cielcoco,296256.JPG
296302,cielcoco,296302.JPG
296304,cielcoco,296304.JPG
296299,cielcoco,296299.JPG
18SS_024,qantodeloco,18SS_024.JPG
17SS038,qantodeloco,17SS038.JPG
17SS037,qantodeloco,17SS037.JPG
18SS_026,qantodeloco,18SS_026.JPG
YWM22278P2,dynafit,YWM22278P2.JPG
YMM22274W2,dynafit,YMM22274W2.JPG
YMM22274C6,dynafit,YMM22274C6.JPG
YMM22272N4,dynafit,YMM22272N4.JPG
YWM22278Z1,dynafit,YWM22278Z1.JPG
YWM22277W2,dynafit,YWM22277W2.JPG
YWM22277Z1,dynafit,YWM22277Z1.JPG
DMC2SBT_06_WT,dearme,DMC2SBT_06_WT.JPG
DMC2SBT_06_KH,dearme,DMC2SBT_06_KH.JPG
DMC2STT_07_YL,dearme,DMC2STT_07_YL.JPG
DMC4TP7-WT,dearme,DMC4TP7-WT.JPG
1X1BD810629U,benetton,1X1BD810629U.JPG
1094E8205101,benetton,1094E8205101.JPG
IZP13,adidas,IZP13.JPG
VA212ST502WH,volcumkorea,VA212ST502WH.JPG
VA212ST502PU,volcumkorea,VA212ST502PU.JPG
VA212ST502BK,volcumkorea,VA212ST502BK.JPG
VA212ST002,volcumkorea,VA212ST002.JPG
VA212ST003BK,volcumkorea,VA212ST003BK.JPG
WGLA6PETKZ02,gola,WGLA6PETKZ02.JPG
WGLA6PETKZ04,gola,WGLA6PETKZ04.JPG
N222TS441P-NVY,nba,N222TS441P-NVY.JPG
N222TS410P-RED,nba,N222TS410P-RED.JPG
N222TS442P-NVY,nba,N222TS442P-NVY.JPG
OREOHALTER-NECKTOP,softseoul,OREOHALTER-NECKTOP.JPG
0LM22STS144BLK,lmc,0LM22STS144BLK.JPG
0LM20STS050BLK,lmc,0LM20STS050BLK.JPG
0LM20STS032YLW,lmc,0LM20STS032YLW.JPG
0LM20STS051TLL,lmc,0LM20STS051TLL.JPG
BG22ST03BK,bornchamps,BG22ST03BK.JPG
BG22ST03IV,bornchamps,BG22ST03IV.JPG
BG22ST03GR,bornchamps,BG22ST03GR.JPG
F0FLSTT22BBW,elleactive,F0FLSTT22BBW.JPG
F0FLSTT52BLK,elleactive,F0FLSTT52BLK.JPG
F0FLSTT43LGN,elleactive,F0FLSTT43LGN.JPG
F0FLSTT52PNK,elleactive,F0FLSTT52PNK.JPG
MSNSV001,massnoun,MSNSV001.JPG
MUZSV002-DG,massnoun,MUZSV002-DG.JPG
MUZSV002-WT,massnoun,MUZSV002-WT.JPG
MUZSV001-WT,massnoun,MUZSV001-WT.JPG
DSTS320_01,320showroom,DSTS320_01.JPG
DSTS320_03,320showroom,DSTS320_03.JPG
DSTS320_02,320showroom,DSTS320_02.JPG
309021,bubblelime,309021.JPG
309015,bubblelime,309015.JPG
309013,bubblelime,309013.JPG
309014,bubblelime,309014.JPG
1057321,pinblack,1057321.JPG
1531913,pinblack,1531913.JPG
692178,prowowrldcup,692178.JPG
692180,prowowrldcup,692180.JPG
692179,prowowrldcup,692179.JPG
692181,prowowrldcup,692181.JPG
692586,prowowrldcup,692586.JPG
692587,prowowrldcup,692587.JPG
FC0032,flyingcoffin,FC0032.JPG
FC0063,flyingcoffin,FC0063.JPG
46,flyingcoffin,46.JPG
47,flyingcoffin,47.JPG
49,flyingcoffin,49.JPG
53,flyingcoffin,53.JPG
YH-SS22VS02NT,yeah,YH-SS22VS02NT.JPG
YH-SS22TE02CH,yeah,YH-SS22TE02CH.JPG
YH-SS22TE02LB,yeah,YH-SS22TE02LB.JPG
YH-SS22TE02WH,yeah,YH-SS22TE02WH.JPG
Z22STP06IV,zeroplanet,Z22STP06IV.JPG
Z22STP06BK,zeroplanet,Z22STP06BK.JPG
Z22STP07BK,zeroplanet,Z22STP07BK.JPG
Z21ATP02BK,zeroplanet,Z21ATP02BK.JPG
2B2-MM-WT-SL001_BL,mmic,2B2-MM-WT-SL001_BL.JPG
2B2-MM-WT-SL002_GR,mmic,2B2-MM-WT-SL002_GR.JPG
2B2-MM-WT-SL002_CH,mmic,2B2-MM-WT-SL002_CH.JPG
2B2-MM-WT-SL002_BK,mmic,2B2-MM-WT-SL002_BK.JPG
2B2-MM-WT-SL002_GY,mmic,2B2-MM-WT-SL002_GY.JPG
2B2-MM-WT-SL001_GY,mmic,2B2-MM-WT-SL001_GY.JPG
BBSSIFNT10LV,instantfunk,BBSSIFNT10LV.JPG
BBSSIFSL01LV,instantfunk,BBSSIFSL01LV.JPG
BBSSIFSL01BK,instantfunk,BBSSIFSL01BK.JPG
AISSIFSL03,instantfunk,AISSIFSL03.JPG
NBNGC21023_10,newbalance,NBNGC21023_10.JPG
NBNGC21023_19,newbalance,NBNGC21023_19.JPG
NBNGC21013_19,newbalance,NBNGC21013_19.JPG
NBNGC21013_10,newbalance,NBNGC21013_10.JPG
NBNGC2W022_19,newbalance,NBNGC2W022_19.JPG
NBNGC2W022_81,newbalance,NBNGC2W022_81.JPG
591900,clovis,591900.JPG
576312,clovis,576312.JPG
495857,clovis,495857.JPG
TA21SM2TOBITPPK,taze,TA21SM2TOBITPPK.JPG
T01,boombasic,T01.JPG
MPTS2B302BL,monplisse,MPTS2B302BL.JPG
MPTS2B301BK,monplisse,MPTS2B301BK.JPG
MPTS2B301GY,monplisse,MPTS2B301GY.JPG
MPTS2B301GN,monplisse,MPTS2B301GN.JPG
MPTS2B301RD,monplisse,MPTS2B301RD.JPG
MPTS2B301PK,monplisse,MPTS2B301PK.JPG
MSNOTA-KH,69slam,MSNOTA-KH.JPG
OFQPSM-PO,69slam,OFQPSM-PO.JPG
OFQTRS-PO,69slam,OFQTRS-PO.JPG
OFQSRP-PO,69slam,OFQSRP-PO.JPG
SH2SHF651NA,siero,SH2SHF651NA.JPG
SH3TSF635LP,siero,SH3TSF635LP.JPG
SH3TSF636IV,siero,SH3TSF636IV.JPG
SH3TSF636NA,siero,SH3TSF636NA.JPG
649089,rolarola,649089.JPG
649090,rolarola,649090.JPG
DB21-TO071,dbel,DB21-TO071.JPG
DB21-TO072,dbel,DB21-TO072.JPG
DB21-TO075,dbel,DB21-TO075.JPG
DB21-TO074,dbel,DB21-TO074.JPG
HBK018,uglyshadow,HBK018.JPG
LWWCCT22WCS,loaxual,LWWCCT22WCS.JPG
LUSSSSB22WCS,loaxual,LUSSSSB22WCS.JPG
A21SSTBW546_ML,anderssonbellforwomen,A21SSTBW546_ML.JPG
A21SSTBW546_IV,anderssonbellforwomen,A21SSTBW546_IV.JPG
B92SL1332F,boylondon,B92SL1332F.JPG
B02SL1014U,boylondon,B02SL1014U.JPG
B02SL1011U,boylondon,B02SL1011U.JPG
FJP058A08025415,thombrowne,FJP058A08025415.JPG
FJP038A06768100,thombrowne,FJP038A06768100.JPG
FJP038A06768415,thombrowne,FJP038A06768415.JPG
VH2TO206GN,vegantiger,VH2TO206GN.JPG
VH2TS218BK,vegantiger,VH2TS218BK.JPG
VH2TO207BK,vegantiger,VH2TO207BK.JPG
ZD-TS10,zod,ZD-TS10.JPG
ZD-TS14,zod,ZD-TS14.JPG
ZD-TS15,zod,ZD-TS15.JPG
ZD-TS13,zod,ZD-TS13.JPG
ZD-TS11,zod,ZD-TS11.JPG
21SS-T14-001,binovular,21SS-T14-001.JPG
22SS-G11-001,binovular,22SS-G11-001.JPG
22SS-G11-005,binovular,22SS-G11-005.JPG
806083,ahwe,806083.JPG
XACS1-WSW060_370,ahwe,XACS1-WSW060_370.JPG
806082,ahwe,806082.JPG
JERSEYSTRINGTOPIVORY,offonstudio,JERSEYSTRINGTOPIVORY.JPG
RIBBEDSQUARENECKTOPDARKGRAY,offonstudio,RIBBEDSQUARENECKTOPDARKGRAY.JPG
202020,runds,202020.JPG
202112,runds,202112.JPG
202111,runds,202111.JPG
MARINA,nokjok,MARINA.JPG
21SUM-ANA-TOP6,anothera,21SUM-ANA-TOP6.JPG
21SUM-ANA-TOP7,anothera,21SUM-ANA-TOP7.JPG
21SUM-ANA-TOP14,anothera,21SUM-ANA-TOP14.JPG
21SUM-ANA-TOP17,anothera,21SUM-ANA-TOP17.JPG
R0ST08-A1,roccirocci,R0ST08-A1.JPG
DENIMCOLORMATCHINGSTITCHVEST,kagamil,DENIMCOLORMATCHINGSTITCHVEST.JPG
31722221081,mgmgstudio,31722221081.JPG
31722221080,mgmgstudio,31722221080.JPG
31722221073,mgmgstudio,31722221073.JPG
20SSTP007BK,minimalcode,20SSTP007BK.JPG
19SUSL003GR,minimalcode,19SUSL003GR.JPG
19SUSL001BK,minimalcode,19SUSL001BK.JPG
20SSTP007SB,minimalcode,20SSTP007SB.JPG
21SSTP004GY,minimalcode,21SSTP004GY.JPG
A21SMTS06BK,allthatcake,A21SMTS06BK.JPG
347399,allthatcake,347399.JPG
347400,allthatcake,347400.JPG
22TMSPTSSF001BK,tellmehowufeel,22TMSPTSSF001BK.JPG
22TMSPTSSF001RD,tellmehowufeel,22TMSPTSSF001RD.JPG
22TMSPTBUF001MX,tellmehowufeel,22TMSPTBUF001MX.JPG
22TMSPTBUF001BK,tellmehowufeel,22TMSPTBUF001BK.JPG
2468736,38comeoncommon,2468736.JPG
1914861,38comeoncommon,1914861.JPG
BA222ST501,beentrill,BA222ST501.JPG
368941,beentrill,368941.JPG
368945,beentrill,368945.JPG
368940,beentrill,368940.JPG
M1037_676299,yyim,M1037_676299.JPG
M1037_676294,yyim,M1037_676294.JPG
M1037_676295,yyim,M1037_676295.JPG
1099387,sekanskeen,1099387.JPG
1093078,sekanskeen,1093078.JPG
1099388,sekanskeen,1099388.JPG
1093077,sekanskeen,1093077.JPG
1093079,sekanskeen,1093079.JPG
FCB2TS289M_BK,fabulousarchive,FCB2TS289M_BK.JPG
FCB2TS289M_WH,fabulousarchive,FCB2TS289M_WH.JPG
FCB2TS300M_WH,fabulousarchive,FCB2TS300M_WH.JPG
SVCNA003BLK,seventeenth,SVCNA003BLK.JPG
FAMOUS0070,famoussas,FAMOUS0070.JPG
FAMOUS0058,famoussas,FAMOUS0058.JPG
FAMOUS0059,famoussas,FAMOUS0059.JPG
FAMOUS0071,famoussas,FAMOUS0071.JPG
2299568,kangol,2299568.JPG
2299567,kangol,2299567.JPG
2299610,kangol,2299610.JPG
2299609,kangol,2299609.JPG
240503,giordano,240503.JPG
021542,giordano,021542.JPG
020228,giordano,020228.JPG
091506,giordano,091506.JPG
M1037_628422,plamm,M1037_628422.JPG
M1037_569320,plamm,M1037_569320.JPG
LILYSLEEVELESS-PINK,bittercells,LILYSLEEVELESS-PINK.JPG
20SSLAYEREDSLEEVELESS(BLACK),officialgarment,20SSLAYEREDSLEEVELESS(BLACK).JPG
WEIGHTSLEEVELESS(BLACK),officialgarment,WEIGHTSLEEVELESS(BLACK).JPG
21TFSPTBUF001BE,targetto,21TFSPTBUF001BE.JPG
21TFSPTBUF001BK,targetto,21TFSPTBUF001BK.JPG
ODSSTS_002M,oneninenineone,ODSSTS_002M.JPG
OFSSTS_003M,oneninenineone,OFSSTS_003M.JPG
MG2202ST32WH,whatitisnt,MG2202ST32WH.JPG
MG2202ST31BK,whatitisnt,MG2202ST31BK.JPG
MG2202ST31WH,whatitisnt,MG2202ST31WH.JPG
MG2202ST32BK,whatitisnt,MG2202ST32BK.JPG
W-LW20-108,badbloodloungewear,W-LW20-108.JPG
W-LW20-107,badbloodloungewear,W-LW20-107.JPG
W-LW20-022,badbloodloungewear,W-LW20-022.JPG
W-TNK20-020,badbloodloungewear,W-TNK20-020.JPG
UF2021-G2003,unifit,UF2021-G2003.JPG
UF2020-G5005SG,unifit,UF2020-G5005SG.JPG
D2224PSLA5BLK,diadora,D2224PSLA5BLK.JPG
D2224PSLA5BLP,diadora,D2224PSLA5BLP.JPG
D1312PSL02BLK,diadora,D1312PSL02BLK.JPG
D1312PSL02BEI,diadora,D1312PSL02BEI.JPG
B7YTP34BK,betweenaandb,B7YTP34BK.JPG
B7YTP36PK,betweenaandb,B7YTP36PK.JPG
GRA211WTS06,gramicci,GRA211WTS06.JPG
GRA211WTS09,gramicci,GRA211WTS09.JPG
GRA211WTS08,gramicci,GRA211WTS08.JPG
GRA211WTS07,gramicci,GRA211WTS07.JPG
CP_TOPIN_WI,citypopz,CP_TOPIN_WI.JPG
CP_CRFMVST_GR,citypopz,CP_CRFMVST_GR.JPG
CP_CRFMVST_B,citypopz,CP_CRFMVST_B.JPG
22SPBL001BK,blank03,22SPBL001BK.JPG
21SUBL005BL,blank03,21SUBL005BL.JPG
P00000DJ,dxoh,P00000DJ.JPG
P00000DM,dxoh,P00000DM.JPG
P00000DK,dxoh,P00000DK.JPG
P00000DL,dxoh,P00000DL.JPG
PA1TS0101,dbydgnak,PA1TS0101.JPG
PA1TS2525,dbydgnak,PA1TS2525.JPG
PC1TS2121,dbydgnak,PC1TS2121.JPG
OA19046,oohahh,OA19046.JPG
OA200042,oohahh,OA200042.JPG
OA22S27,oohahh,OA22S27.JPG
LWTS0153,basichouse,LWTS0153.JPG
LWTS0107,basichouse,LWTS0107.JPG
LWTS0108S,basichouse,LWTS0108S.JPG
21S-026,meowbymina,21S-026.JPG
21S-027,meowbymina,21S-027.JPG
I212MB078,mutemute,I212MB078.JPG
0029CHA,roheeapparel,0029CHA.JPG
0029LA,roheeapparel,0029LA.JPG
0031BL,roheeapparel,0031BL.JPG
3040KD2RSE2252FBLK,keds,3040KD2RSE2252FBLK.JPG
3040KD2RSE2354FOWH,keds,3040KD2RSE2354FOWH.JPG
3040KD2RSE2354FDNA,keds,3040KD2RSE2354FDNA.JPG
DTF1S-2030,duran1,DTF1S-2030.JPG
DTF2S-3034,duran1,DTF2S-3034.JPG
DTF2S-3032,duran1,DTF2S-3032.JPG
DTF1S-3018,duran1,DTF1S-3018.JPG
D2M107-BL,dazedayz,D2M107-BL.JPG
D2M106-BE,dazedayz,D2M106-BE.JPG
FNTY0015,flyingninety,FNTY0015.JPG
FNTY0016,flyingninety,FNTY0016.JPG
FNTY0014,flyingninety,FNTY0014.JPG
SPKVC25W01,spao,SPKVC25W01.JPG
SPKVC25W92,spao,SPKVC25W92.JPG
85706,lookast,85706.JPG
DFTS0008OWH,drawfit,DFTS0008OWH.JPG
DFTS0008BK,drawfit,DFTS0008BK.JPG
DFTS0008GY,drawfit,DFTS0008GY.JPG
LDLSS22TP048A,lettredeletoile,LDLSS22TP048A.JPG
LDLSS22TP048B,lettredeletoile,LDLSS22TP048B.JPG
LDLFW20TP032,lettredeletoile,LDLFW20TP032.JPG
MSB2TL1201,topten,MSB2TL1201.JPG
MSB2TL2004,topten,MSB2TL2004.JPG
MSB2OO2203,topten,MSB2OO2203.JPG
SW8FK001393,superinc,SW8FK001393.JPG
P000000Y,gonigoni,P000000Y.JPG
T182TS500P_BLK,tbjnearby,T182TS500P_BLK.JPG
T182TS500P_MGR,tbjnearby,T182TS500P_MGR.JPG
T182TS500P_WHT,tbjnearby,T182TS500P_WHT.JPG
M1037_835943,wondervisitor,M1037_835943.JPG
M1037_835944,wondervisitor,M1037_835944.JPG
M1037_835945,wondervisitor,M1037_835945.JPG
UNISEXMESHVEST-BLACK,basiccotton,UNISEXMESHVEST-BLACK.JPG
BCNDIAVEST-BLACK,basiccotton,BCNDIAVEST-BLACK.JPG
BCNSLEEVELESS-BLACK,basiccotton,BCNSLEEVELESS-BLACK.JPG
FHQSCTN106M,harder,FHQSCTN106M.JPG
FHQSCTN104M,harder,FHQSCTN104M.JPG
PERKY_TD9301SGR,reflyperky,PERKY_TD9301SGR.JPG
PERKY_TD9301SBK,reflyperky,PERKY_TD9301SBK.JPG
20SST04TDTPWH,loomloom,20SST04TDTPWH.JPG
21SST03SHRPSLWH,loomloom,21SST03SHRPSLWH.JPG
21SST03SHRPSLFL,loomloom,21SST03SHRPSLFL.JPG
237309,remplacement,237309.JPG
237308,remplacement,237308.JPG
00-32,ozod,00-32.JPG
HP000DJAP,hide,HP000DJAP.JPG
M1037_257124,comfy,M1037_257124.JPG
E-186UBK,everlast,E-186UBK.JPG
E-186UMD,everlast,E-186UMD.JPG
ST-200410,stonystride,ST-200410.JPG
473857,bensimon,473857.JPG
473836,bensimon,473836.JPG
22SSLEST-I,dilettantisme,22SSLEST-I.JPG
22SSLEST-G,dilettantisme,22SSLEST-G.JPG
20S,coquetstudio,20S.JPG
00-119,riconine,00-119.PNG
00-122,riconine,00-122.PNG
00-92,riconine,00-92.JPG
ST132242232,stpeaknickr,ST132242232.JPG
ST132242235,stpeaknickr,ST132242235.JPG
ST132242284,stpeaknickr,ST132242284.JPG
39970,zetes,39970.JPG
39972,zetes,39972.JPG
39971,zetes,39971.JPG
CROOKS-2016SU-N-NEW-35,crookscastles,CROOKS-2016SU-N-NEW-35.JPG
2017S_S0077,crookscastles,2017S_S0077.JPG
LAYEREDTANKTOP,fibber41,LAYEREDTANKTOP.JPG
21SSSL013BK,vvv,21SSSL013BK.JPG
19SSSL022BKF,vvv,19SSSL022BKF.JPG
21SSSL013WH,vvv,21SSSL013WH.JPG
IW2B2TO39CR,insilencewomen,IW2B2TO39CR.JPG
MW21U4140,mnw,MW21U4140.JPG
19MNW14,mnw,19MNW14.JPG
18MNW10,mnw,18MNW10.JPG
PTRN1_PTFW2,irouori,PTRN1_PTFW2.JPG
UX6ST31_31,ucla,UX6ST31_31.JPG
UX6ST31_51,ucla,UX6ST31_51.JPG
UX6ST31_A4,ucla,UX6ST31_A4.JPG
YM2K1320,guess,YM2K1320.JPG
UN221CSL63_LOR,umbro,UN221CSL63_LOR.JPG
UN221CSL63_BLK,umbro,UN221CSL63_BLK.JPG
UN221CSL63_WHT,umbro,UN221CSL63_WHT.JPG
EPA2TL01,emotionplanet,EPA2TL01.JPG
WSTR6PETKZ01,starter,WSTR6PETKZ01.JPG
HCP000DJCA,heartclub,HCP000DJCA.JPG
HCP000DIZT,heartclub,HCP000DIZT.JPG
HCP000DIZU,heartclub,HCP000DIZU.JPG
RO2TOO064-0,rerhee,RO2TOO064-0.JPG
RM2TOO037-0,rerhee,RM2TOO037-0.JPG
P0000LTZ,thrasher,P0000LTZ.JPG
HUF0127,huf,HUF0127.JPG
HUF0282,huf,HUF0282.JPG
HUF0063,huf,HUF0063.JPG
LA21SSNTT001,lengagement,LA21SSNTT001.JPG
SL0002,pianer,SL0002.JPG
SL0001,pianer,SL0001.JPG
YK20HSTT03,waikei,YK20HSTT03.JPG
YK20HSTT02,waikei,YK20HSTT02.JPG
YK20HSTT01,waikei,YK20HSTT01.JPG
1023BLUE,danah,1023BLUE.JPG
1140545,ayaya,1140545.JPG
1140544,ayaya,1140544.JPG
INYBFRILLTOPCORAL,flirt,INYBFRILLTOPCORAL.JPG
INYBFRILLTOPBLACK,flirt,INYBFRILLTOPBLACK.JPG
B20-TS0705,blankbrick,B20-TS0705.JPG
B20-TS0701,blankbrick,B20-TS0701.JPG
B20-TS0805,blankbrick,B20-TS0805.JPG
W-TNK22-002,badblood,W-TNK22-002.JPG
W-TNK22-001,badblood,W-TNK22-001.JPG
AT-TNK22-004,badblood,AT-TNK22-004.JPG
AM22SSW03TOBLACK,amomento,AM22SSW03TOBLACK.JPG
AM22SSW03TOLIME,amomento,AM22SSW03TOLIME.JPG
GL2TSU601WH,jeep,GL2TSU601WH.JPG
GK2TSU601BL,jeep,GK2TSU601BL.JPG
JM2TSU601BK,jeep,JM2TSU601BK.JPG
CLS051,codenameloolapalooza,CLS051.JPG
20SSMLTPPR05,osee,20SSMLTPPR05.JPG
20SSMLTPSL02,osee,20SSMLTPSL02.JPG
20SSMLTPSL02P,osee,20SSMLTPSL02P.JPG
19SS62,nomanual,19SS62.JPG
19SS34,nomanual,19SS34.JPG
19SS35,nomanual,19SS35.JPG
21SSTOP5-PP,remantist,21SSTOP5-PP.JPG
SUMMER-08,anotheryouth,SUMMER-08.JPG
CR02,colorroad,CR02.JPG
CR01,colorroad,CR01.JPG
CR03,colorroad,CR03.JPG
40614ST001,calvinkleinjeans,40614ST001.JPG
40614ST540,calvinkleinjeans,40614ST540.JPG
HIGHGLOSSYSLEEVELESS_NAVY,vastic,HIGHGLOSSYSLEEVELESS_NAVY.JPG
HIGHGLOSSYSLEEVELESS_GRAY,vastic,HIGHGLOSSYSLEEVELESS_GRAY.JPG
HIGHGLOSSYSLEEVELESS_CHARCOAL,vastic,HIGHGLOSSYSLEEVELESS_CHARCOAL.JPG
COOSTS074WHITE,costumeoclock,COOSTS074WHITE.JPG
COOSTS074BLACK,costumeoclock,COOSTS074BLACK.JPG
COOSTS074GRAY,costumeoclock,COOSTS074GRAY.JPG
TOP007W,donadona,TOP007W.JPG
TOP007N,donadona,TOP007N.JPG
MG2BSMT533ANV,mahagrid,MG2BSMT533ANV.JPG
MG2BSMT533AGN,mahagrid,MG2BSMT533AGN.JPG
CI7CZ303WHI,chaosmosbytalli,CI7CZ303WHI.JPG
MINUTEHEARTCROPSLEEVELESSTOP-WHITE,feverminute,MINUTEHEARTCROPSLEEVELESSTOP-WHITE.JPG
MINUTEHEARTCROPSLEEVELESSTOP-BLACK,feverminute,MINUTEHEARTCROPSLEEVELESSTOP-BLACK.JPG
WOPC6QETKZ02,oceanpacific,WOPC6QETKZ02.JPG
1162040,drugwithoutsideeffect,1162040.JPG
1162041,drugwithoutsideeffect,1162041.JPG
RS22ST008BK,rosefrantz,RS22ST008BK.JPG
TM-SP22-T26,tuomio,TM-SP22-T26.JPG
P00000QA,mngu,P00000QA.JPG
P00000PZ,mngu,P00000PZ.JPG
PW3MT22X421,prospecs,PW3MT22X421.JPG
PW3MT22X422,prospecs,PW3MT22X422.JPG
P00000IL,dvsnstudios,P00000IL.JPG
P00000IM,dvsnstudios,P00000IM.JPG
OL22SPKN01IVF,ohl,OL22SPKN01IVF.JPG
OL22SPKN01BKF,ohl,OL22SPKN01BKF.JPG
W20STS-09,wavegun,W20STS-09.JPG
CY2AMFT517AYE,clotty,CY2AMFT517AYE.JPG
2101-W-CO-TT02-1,eanjo,2101-W-CO-TT02-1.JPG
2101-W-CO-TT02-2,eanjo,2101-W-CO-TT02-2.JPG
22SPRING_YELLOWRUFFLESLEEVELESS,marronedition,22SPRING_YELLOWRUFFLESLEEVELESS.JPG
IRVANXSOMETHINGGOODSLEEVELESS_WHITE,somethinggood,IRVANXSOMETHINGGOODSLEEVELESS_WHITE.JPG
IRVANXSOMETHINGGOODSLEEVELESS_CHARCOALGRAY,somethinggood,IRVANXSOMETHINGGOODSLEEVELESS_CHARCOALGRAY.JPG
GS-002,deargarden,GS-002.JPG
GS-001,deargarden,GS-001.JPG
CLSC0252,clsc,CLSC0252.JPG
CLSC0253,clsc,CLSC0253.JPG
KTP7501_WH,konus,KTP7501_WH.JPG
KTP6708,konus,KTP6708.JPG
ONSET001,onsenne,ONSET001.JPG
CA22STS251RED,cnn,CA22STS251RED.JPG
YA6SS0021BL,yale,YA6SS0021BL.JPG
YA6SS0021NA,yale,YA6SS0021NA.JPG
M20BLT-001-BK,mskn2nd,M20BLT-001-BK.JPG
M20BLT-001-OW,mskn2nd,M20BLT-001-OW.JPG
4000785,merrell,4000785.JPG
4000784,merrell,4000784.JPG
ARCHAIC142,archaic,ARCHAIC142.JPG
ARCHAIC143,archaic,ARCHAIC143.JPG
M204MTS510MBK2,tiformen,M204MTS510MBK2.JPG
M204MTS510MWH2,tiformen,M204MTS510MWH2.JPG
KMM22239DX,k2,KMM22239DX.JPG
KMM22239Z1,k2,KMM22239Z1.JPG
2125029,perstep,2125029.JPG
18SS_097,madmars,18SS_097.JPG
21STCTOP03,shethiscomma,21STCTOP03.JPG
P0000BCY,cottonbell,P0000BCY.JPG
0000003988,gildan,0000003988.JPG
2240343,studiog,2240343.JPG
202224,mais,202224.JPG
V12109BE,vivaclassy,V12109BE.JPG
V12109BK,vivaclassy,V12109BK.JPG
RL202TP001B,rocketxlunch,RL202TP001B.JPG
859127,drife,859127.JPG
859128,drife,859128.JPG
010,wanton,010.JPG
011,wanton,011.JPG
MAABTS13M4,marieclaire,MAABTS13M4.JPG
MOBBTS03M3,marieclaire,MOBBTS03M3.JPG
21AHSTP10DB,amesworldwide,21AHSTP10DB.JPG
21AHSTP10SB,amesworldwide,21AHSTP10SB.JPG
CLHPCA002NV,clove,CLHPCA002NV.JPG
BLACK,tattist,BLACK.JPG
RED,tattist,RED.JPG
21LSNT01,lmn3011,21LSNT01.JPG
21LSNT02,lmn3011,21LSNT02.JPG
T01SM806T01N,teatimeofspring,T01SM806T01N.JPG
0NHM1SL00105,nohant,0NHM1SL00105.JPG
21SSSV001BK,sac,21SSSV001BK.JPG
333462,harlanholden,333462.JPG
SS212TS07PK,saladbowls,SS212TS07PK.JPG
JC19ASS001,johnnycarson,JC19ASS001.JPG
JC17ASS004,johnnycarson,JC17ASS004.JPG
LSR049,looseriders,LSR049.JPG
LSR050,looseriders,LSR050.JPG
SERIAL;TOP-0016-NON-BLACK,nonstock,SERIAL;TOP-0016-NON-BLACK.JPG
SERIAL;TOP-0016-NON-WHITE,nonstock,SERIAL;TOP-0016-NON-WHITE.JPG
W4A13OGTK107,fundamentalist,W4A13OGTK107.JPG
W4A13OGTK105,fundamentalist,W4A13OGTK105.JPG
N20SV113BR,nota,N20SV113BR.JPG
QN122OSL31,lecoq,QN122OSL31.JPG
QN123CSL31,lecoq,QN123CSL31.JPG
18B4TS10BK,betgures,18B4TS10BK.JPG
18B2TS08WT,betgures,18B2TS08WT.JPG
RM11T891,ccomaque,RM11T891.JPG
A-22S-SWTS25122-BKS,stretchangels,A-22S-SWTS25122-BKS.JPG
A-22S-SWTS25122-WHS,stretchangels,A-22S-SWTS25122-WHS.JPG
ZD21SHTS02WH,zidokseoul,ZD21SHTS02WH.JPG
ZD21SHTS02BE,zidokseoul,ZD21SHTS02BE.JPG
VT-007(BLACK),vibrate,VT-007(BLACK).JPG
VT-007(WHITE),vibrate,VT-007(WHITE).JPG
21SSCSSBK,gind,21SSCSSBK.JPG
21SSCSSBL,gind,21SSCSSBL.JPG
439078,chiquita,439078.JPG
439077,chiquita,439077.JPG
POCKETSLEEVELESS-YELLOW,ncover,POCKETSLEEVELESS-YELLOW.JPG
NCOVERSLEEVELESS-RED,ncover,NCOVERSLEEVELESS-RED.JPG
012SLW,projectin,012SLW.JPG
WHTS133BE,wardrobe,WHTS133BE.JPG
1365522,moccasom,1365522.JPG
KT51092BK3,isbim,KT51092BK3.JPG
KT51092WH3,isbim,KT51092WH3.JPG
U2SLT1101MG,ufcsport,U2SLT1101MG.JPG
U2SLT1101BK,ufcsport,U2SLT1101BK.JPG
W_SRLS_21SS_W,koleat,W_SRLS_21SS_W.JPG
SY22S-36,soumere,SY22S-36.JPG
SU20S-88TOKH,soumere,SU20S-88TOKH.JPG
0018,wim,0018.PNG
21SSLL01BK,lmood,21SSLL01BK.JPG
21SSLL01WH,lmood,21SSLL01WH.JPG
UB017,unbroken,UB017.JPG
20011F25BK,freakishbuilding,20011F25BK.JPG
20011F25DE,freakishbuilding,20011F25DE.JPG
MDTS004WHITE,mongdol,MDTS004WHITE.JPG
MDTS004YELLOW,mongdol,MDTS004YELLOW.JPG
1000000105,tetu,1000000105.JPG
1000000110,tetu,1000000110.JPG
2020S_S060,235laboratory,2020S_S060.JPG
2020S_S074,235laboratory,2020S_S074.JPG
SUMOTBEIGE,ssy,SUMOTBEIGE.JPG
SUMOTKHAKI,ssy,SUMOTKHAKI.JPG
1336467,xtonz,1336467.JPG
1336464,xtonz,1336464.JPG
GT20SUMMER06,thegreatest,GT20SUMMER06.JPG
915075,not,915075.JPG
HG01TS02WH,gachi,HG01TS02WH.JPG
2021SS-02-FSK-1,reorg,2021SS-02-FSK-1.JPG
2021SS-02-FSK-2,reorg,2021SS-02-FSK-2.JPG
20T1UA01W,stiz,20T1UA01W.JPG
LU19SU-0501,lunacy,LU19SU-0501.JPG
NEWYORKDRYSLEEVELESSBLACK,justsaturday,NEWYORKDRYSLEEVELESSBLACK.JPG
STST219BKX,storm,STST219BKX.JPG
NV21BTS02BK,nouve,NV21BTS02BK.JPG
401270764,piecemaker,401270764.JPG
21SSTOP1,studiocozy,21SSTOP1.JPG
2021082513,ziklag,2021082513.JPG
LBBSL01A,lessbutbetter,LBBSL01A.JPG
IETS1E504WT,ilcorso,IETS1E504WT.JPG
M1037_856001,majofactory,M1037_856001.JPG
1903,atmoments,1903.JPG
927505,chubasco,927505.JPG
DHTO0011PK,danha,DHTO0011PK.JPG
P00000HB,kirtimukha,P00000HB.JPG
IRT026,ironypornowhiteline,IRT026.JPG
014,margarinfingers,014.JPG
PNEU20KT101701,nerdy,PNEU20KT101701.JPG
LHTT13,typeservice,LHTT13.JPG
M1037_600690,moimoii,M1037_600690.JPG
RP_ORBIT_025,rallypoint,RP_ORBIT_025.JPG
10473172,jbansclassic,10473172.JPG
RYU01,ryujean,RYU01.JPG
TEMPLE,temple,TEMPLE.JPG
2155-IN01,loic,2155-IN01.JPG
CHB-TS503W4-CBS51-1894336,codescombine,CHB-TS503W4-CBS51-1894336.JPG
P00000CL,moreorless,P00000CL.JPG
SL001BK,not4nerd,SL001BK.JPG
NNC21SMSLPK001,nanacrew,NNC21SMSLPK001.JPG
VVAIN_424,veryvain,VVAIN_424.JPG
MWTS01A3,mindbridge,MWTS01A3.JPG
T14DB,ifxy,T14DB.JPG
16U6121302100-A61,givenchy,16U6121302100-A61.JPG
BDS-TS08-0,bjoue,BDS-TS08-0.JPG
AEU-KTD902-20,avamolli,AEU-KTD902-20.JPG
22RCSPTSSF001BK,romanticcrown,22RCSPTSSF001BK.JPG
7H45762,nepa,7H45762.JPG
ROTHCOCLOTH022,rothco,ROTHCOCLOTH022.JPG
TBT-115BK,twentybucks,TBT-115BK.JPG
AL2021_013,alens,AL2021_013.JPG
21FTOP,sy2c,21FTOP.JPG
RMT004,raime,RMT004.JPG
2485019,bobgolf,2485019.JPG
MOMEBEN,momeben,MOMEBEN.JPG
1993STUDIO,1993studio,1993STUDIO.JPG
R5-003,oror,R5-003.JPG
07,ssum,07.JPG
2703538,unlimit,2703538.JPG
MRTS50602BK,theroyalwe,MRTS50602BK.JPG
301347224,hieretdemain,301347224.JPG
FA2102ST19IV,fallett,FA2102ST19IV.JPG
D_F8H35ZG7IWLW0800,dolcegabana,D_F8H35ZG7IWLW0800.JPG
1042162,hyojinoriko,1042162.JPG
20SSTOP3,shoulderpad,20SSTOP3.JPG
V088,voiebit,V088.JPG
G21MUC1TS27,goalstudio,G21MUC1TS27.JPG
20SUMMER_TOP_008,agentpeekreverse,20SUMMER_TOP_008.JPG
MTS1201,sumnfit,MTS1201.JPG
S20T00,blackade,S20T00.JPG
MA1009,malden,MA1009.JPG
FU-172_BLACK,flareup,FU-172_BLACK.JPG
WTO-B-0006,blacrush,WTO-B-0006.JPG
AYL00105,klattermusen,AYL00105.JPG
20SS-T008,olflame,20SS-T008.JPG
SA20650117B,somethingacoustic,SA20650117B.JPG
190514004,easybusy,190514004.JPG
B19SMT31T01,baekya,B19SMT31T01.JPG
R19ST01WH,rwder,R19ST01WH.JPG
KM-22SM-TS-S06,kume,KM-22SM-TS-S06.JPG
W0USVABK99,workmart,W0USVABK99.JPG
024R2W6TNKTERRACOTASS22,redone,024R2W6TNKTERRACOTASS22.JPG
1239755,jemut,1239755.JPG
81910191000PROTEO001-A91,maxmara,81910191000PROTEO001-A91.JPG
HETPHS21BBK00,hetherment,HETPHS21BBK00.JPG
P00000MW,thewander,P00000MW.JPG
M1037_320360,esterisk,M1037_320360.JPG
AR211TS02NV,arce,AR211TS02NV.JPG
P0000DEB,leey,P0000DEB.PNG
70165,giannilupo,70165.JPG
